client_id,client_name,client_type,location_id
CLI0001,Summit Industries,Corporate,LOC03
CLI0002,Henry Taylor,Individual,LOC01
CLI0003,Sophie Nguyen,Individual,LOC04
CLI0004,Ava Novak,Individual,LOC02
CLI0005,Lucas Hughes,Individual,LOC04
CLI0006,Ironbark Holdings,Corporate,LOC01
CLI0007,Union Developments,Corporate,LOC03
CLI0008,Lucas Kelly,Individual,LOC02
CLI0009,Ruby Patel,Individual,LOC01
CLI0010,Ethan Wilson,Individual,LOC03
CLI0011,Ava Singh,Individual,LOC03
CLI0012,Union Industries,Corporate,LOC04
CLI0013,Redgum Group,Corporate,LOC03
CLI0014,Redgum Pty Ltd,Corporate,LOC01
CLI0015,Ruby Costa,Individual,LOC03
CLI0016,Isla Anderson,Individual,LOC03
CLI0017,Bridgeview Pty Ltd,Corporate,LOC03
CLI0018,Sophie Murphy,Individual,LOC04
CLI0019,Isla Ryan,Individual,LOC03
CLI0020,Sterling Pty Ltd,Corporate,LOC02
CLI0021,Bridgeview Holdings,Corporate,LOC04
CLI0022,Redgum Pty Ltd,Corporate,LOC01
CLI0023,Coastal Developments,Corporate,LOC03
CLI0024,Priya Costa,Individual,LOC02
CLI0025,Ethan Patel,Individual,LOC01
CLI0026,Union Developments,Corporate,LOC02
CLI0027,Silverline Holdings,Corporate,LOC01
CLI0028,Chloe Anderson,Individual,LOC02
CLI0029,Sterling Developments,Corporate,LOC02
CLI0030,Ironbark Pty Ltd,Corporate,LOC05
CLI0031,Chloe Kowalski,Individual,LOC01
CLI0032,Mia Singh,Individual,LOC03
CLI0033,William Wilson,Individual,LOC01
CLI0034,Liam Anderson,Individual,LOC01
CLI0035,Redgum Holdings,Corporate,LOC01
CLI0036,James Novak,Individual,LOC03
CLI0037,Ethan Costa,Individual,LOC03
CLI0038,Jack Nguyen,Individual,LOC02
CLI0039,Summit Holdings,Corporate,LOC01
CLI0040,Sterling Pty Ltd,Corporate,LOC03
CLI0041,Bridgeview Industries,Corporate,LOC03
CLI0042,Sterling Holdings,Corporate,LOC01
CLI0043,Lucas Anderson,Individual,LOC04
CLI0044,Bridgeview Holdings,Corporate,LOC02
CLI0045,Ava Murphy,Individual,LOC02
CLI0046,Silverline Group,Corporate,LOC03
CLI0047,Mia Smith,Individual,LOC04
CLI0048,Henry Chen,Individual,LOC03
CLI0049,Sterling Developments,Corporate,LOC01
CLI0050,William Novak,Individual,LOC04
CLI0051,Sterling Industries,Corporate,LOC01
CLI0052,Summit Holdings,Corporate,LOC02
CLI0053,Chloe Singh,Individual,LOC01
CLI0054,Jack Kelly,Individual,LOC03
CLI0055,Silverline Industries,Corporate,LOC01
CLI0056,Bridgeview Holdings,Corporate,LOC05
CLI0057,Olivia Novak,Individual,LOC04
CLI0058,Liam Ryan,Individual,LOC01
CLI0059,Ethan Costa,Individual,LOC02
CLI0060,Union Developments,Corporate,LOC01
CLI0061,Sam Wilson,Individual,LOC01
CLI0062,Sophie Chen,Individual,LOC01
CLI0063,William Wong,Individual,LOC01
CLI0064,Silverline Developments,Corporate,LOC05
CLI0065,Lucas Chen,Individual,LOC01
CLI0066,Bridgeview Pty Ltd,Corporate,LOC03
CLI0067,Bridgeview Holdings,Corporate,LOC03
CLI0068,Lucas Patel,Individual,LOC04
CLI0069,Olivia Novak,Individual,LOC01
CLI0070,Meridian Industries,Corporate,LOC02
CLI0071,Summit Holdings,Corporate,LOC03
CLI0072,Henry Kelly,Individual,LOC05
CLI0073,Meridian Holdings,Corporate,LOC03
CLI0074,Union Pty Ltd,Corporate,LOC02
CLI0075,Ava Murphy,Individual,LOC05
CLI0076,Lucas Anderson,Individual,LOC04
CLI0077,Sterling Pty Ltd,Corporate,LOC04
CLI0078,Chloe Wilson,Individual,LOC03
CLI0079,Sam Wong,Individual,LOC03
CLI0080,Liam Brown,Individual,LOC02
CLI0081,Priya Wong,Individual,LOC02
CLI0082,Bridgeview Group,Corporate,LOC03
CLI0083,Priya Nguyen,Individual,LOC01
CLI0084,Grace Chen,Individual,LOC04
CLI0085,Silverline Pty Ltd,Corporate,LOC05
CLI0086,Summit Group,Corporate,LOC01
CLI0087,Meridian Pty Ltd,Corporate,LOC01
CLI0088,Redgum Pty Ltd,Corporate,LOC03
CLI0089,Alex Taylor,Individual,LOC01
CLI0090,William Wong,Individual,LOC04
CLI0091,Coastal Pty Ltd,Corporate,LOC01
CLI0092,Sterling Holdings,Corporate,LOC02
CLI0093,Harbour Group,Corporate,LOC03
CLI0094,Harbour Industries,Corporate,LOC01
CLI0095,Zoe Nguyen,Individual,LOC04
CLI0096,Noah Reid,Individual,LOC04
CLI0097,Jack Costa,Individual,LOC04
CLI0098,Redgum Holdings,Corporate,LOC03
CLI0099,Alex Anderson,Individual,LOC02
CLI0100,Noah Wilson,Individual,LOC01
CLI0101,Ava Taylor,Individual,LOC01
CLI0102,Meridian Group,Corporate,LOC01
CLI0103,Summit Developments,Corporate,LOC01
CLI0104,Zoe Hughes,Individual,LOC02
CLI0105,Coastal Holdings,Corporate,LOC04
CLI0106,Noah Singh,Individual,LOC03
CLI0107,Olivia Kelly,Individual,LOC03
CLI0108,Meridian Developments,Corporate,LOC04
CLI0109,Silverline Developments,Corporate,LOC01
CLI0110,Isla Nguyen,Individual,LOC05
CLI0111,Silverline Industries,Corporate,LOC04
CLI0112,Lucas Singh,Individual,LOC04
CLI0113,Olivia Wilson,Individual,LOC03
CLI0114,Meridian Developments,Corporate,LOC01
CLI0115,James Murphy,Individual,LOC02
CLI0116,William Novak,Individual,LOC04
CLI0117,Noah Murphy,Individual,LOC05
CLI0118,Union Pty Ltd,Corporate,LOC01
CLI0119,William Taylor,Individual,LOC04
CLI0120,William Brown,Individual,LOC04
CLI0121,Jack Wilson,Individual,LOC02
CLI0122,Ironbark Pty Ltd,Corporate,LOC01
CLI0123,Isla Taylor,Individual,LOC02
CLI0124,Ava Ryan,Individual,LOC05
CLI0125,Jack Anderson,Individual,LOC02
CLI0126,James Kowalski,Individual,LOC05
CLI0127,Bridgeview Industries,Corporate,LOC03
CLI0128,Coastal Holdings,Corporate,LOC03
CLI0129,Harbour Holdings,Corporate,LOC04
CLI0130,Silverline Holdings,Corporate,LOC02
CLI0131,Meridian Industries,Corporate,LOC04
CLI0132,Ironbark Industries,Corporate,LOC04
CLI0133,Union Industries,Corporate,LOC01
CLI0134,James Costa,Individual,LOC03
CLI0135,Sterling Industries,Corporate,LOC01
CLI0136,Coastal Pty Ltd,Corporate,LOC04
CLI0137,Harbour Industries,Corporate,LOC03
CLI0138,Harbour Pty Ltd,Corporate,LOC01
CLI0139,Priya Singh,Individual,LOC01
CLI0140,Noah Nguyen,Individual,LOC04
CLI0141,Liam Novak,Individual,LOC03
CLI0142,Lucas Smith,Individual,LOC01
CLI0143,Sterling Holdings,Corporate,LOC03
CLI0144,Olivia Wong,Individual,LOC01
CLI0145,Olivia Patel,Individual,LOC01
CLI0146,Henry Reid,Individual,LOC03
CLI0147,Harbour Developments,Corporate,LOC01
CLI0148,Chloe Kowalski,Individual,LOC01
CLI0149,Union Pty Ltd,Corporate,LOC05
CLI0150,Henry Singh,Individual,LOC03
CLI0151,Lucas Chen,Individual,LOC05
CLI0152,Coastal Holdings,Corporate,LOC03
CLI0153,Lucas Hughes,Individual,LOC01
CLI0154,Zoe Taylor,Individual,LOC02
CLI0155,Silverline Pty Ltd,Corporate,LOC01
CLI0156,Sterling Holdings,Corporate,LOC03
CLI0157,Priya Taylor,Individual,LOC02
CLI0158,Silverline Holdings,Corporate,LOC01
CLI0159,Bridgeview Holdings,Corporate,LOC02
CLI0160,Harbour Holdings,Corporate,LOC03
CLI0161,Henry Costa,Individual,LOC03
CLI0162,Bridgeview Developments,Corporate,LOC03
CLI0163,Henry Costa,Individual,LOC02
CLI0164,Alex Novak,Individual,LOC04
CLI0165,Sophie Ryan,Individual,LOC03
CLI0166,Noah Kelly,Individual,LOC04
CLI0167,James Chen,Individual,LOC01
CLI0168,Alex Nguyen,Individual,LOC01
CLI0169,Coastal Pty Ltd,Corporate,LOC01
CLI0170,Sam Smith,Individual,LOC04
CLI0171,Lucas Brown,Individual,LOC01
CLI0172,Zoe Chen,Individual,LOC02
CLI0173,Olivia Reid,Individual,LOC04
CLI0174,Union Developments,Corporate,LOC03
CLI0175,Silverline Developments,Corporate,LOC01
CLI0176,Union Holdings,Corporate,LOC01
CLI0177,Coastal Industries,Corporate,LOC05
CLI0178,Noah Wong,Individual,LOC05
CLI0179,Meridian Holdings,Corporate,LOC02
CLI0180,Redgum Developments,Corporate,LOC02
CLI0181,Sam Chen,Individual,LOC01
CLI0182,Sam Smith,Individual,LOC01
CLI0183,Summit Holdings,Corporate,LOC03
CLI0184,James Nguyen,Individual,LOC01
CLI0185,Sophie Costa,Individual,LOC03
CLI0186,Ruby Novak,Individual,LOC01
CLI0187,Union Holdings,Corporate,LOC01
CLI0188,Ethan Anderson,Individual,LOC04
CLI0189,Grace Ryan,Individual,LOC05
CLI0190,Liam Wong,Individual,LOC01
CLI0191,Alex Ryan,Individual,LOC01
CLI0192,Silverline Industries,Corporate,LOC03
CLI0193,Harbour Group,Corporate,LOC01
CLI0194,Sterling Industries,Corporate,LOC02
CLI0195,Summit Holdings,Corporate,LOC01
CLI0196,Summit Developments,Corporate,LOC03
CLI0197,Alex Costa,Individual,LOC02
CLI0198,Zoe Hughes,Individual,LOC03
CLI0199,Jack Singh,Individual,LOC04
CLI0200,Meridian Developments,Corporate,LOC02
CLI0201,Priya Costa,Individual,LOC05
CLI0202,Ava Kelly,Individual,LOC03
CLI0203,Jack Brown,Individual,LOC01
CLI0204,Meridian Developments,Corporate,LOC02
CLI0205,Sophie Anderson,Individual,LOC05
CLI0206,Olivia Singh,Individual,LOC01
CLI0207,Henry Singh,Individual,LOC05
CLI0208,Noah Smith,Individual,LOC02
CLI0209,Ironbark Pty Ltd,Corporate,LOC03
CLI0210,Zoe Novak,Individual,LOC04
CLI0211,Grace Singh,Individual,LOC01
CLI0212,Summit Developments,Corporate,LOC04
CLI0213,Silverline Holdings,Corporate,LOC03
CLI0214,Union Holdings,Corporate,LOC04
CLI0215,Mia Wilson,Individual,LOC04
CLI0216,Union Industries,Corporate,LOC01
CLI0217,Lucas Taylor,Individual,LOC01
CLI0218,Sophie Patel,Individual,LOC01
CLI0219,Coastal Developments,Corporate,LOC04
CLI0220,Jack Kelly,Individual,LOC02
