matter_id,client_id,location_id,matter_type,status,open_date,close_date,counsel_id,responsible_lawyer,fee_estimate,referred_matter,referral_source
MAT00001,CLI0216,LOC01,Conveyancing,Written off,2024-03-24,2024-11-13,,Lawyer-19,6297.77,False,
MAT00002,CLI0084,LOC04,Insolvency,Closed,2025-02-20,2025-05-26,CSL05,Lawyer-09,7240.61,True,Accountant Partners
MAT00003,CLI0020,LOC02,Commercial Litigation,Open,2025-11-05,,CSL05,Lawyer-11,5346.48,False,
MAT00004,CLI0152,LOC03,Family Law,Open,2025-11-17,,,Lawyer-10,1268.9,False,
MAT00005,CLI0099,LOC02,Insolvency,Closed,2024-06-13,2024-10-20,,Lawyer-14,2856.96,False,
MAT00006,CLI0195,LOC01,Conveyancing,Closed,2024-07-28,2024-12-10,,Lawyer-01,7928.11,False,
MAT00007,CLI0193,LOC01,Commercial Advisory,Closed,2024-07-17,2025-03-12,,Lawyer-20,16756.68,False,
MAT00008,CLI0024,LOC02,Wills & Estates,Closed,2024-06-27,2025-05-20,,Lawyer-12,11066.98,False,
MAT00009,CLI0180,LOC02,Conveyancing,Written off,2024-05-09,2024-11-01,,Lawyer-17,4353.85,False,
MAT00010,CLI0190,LOC01,Conveyancing,Open,2025-10-18,,,Lawyer-08,672.96,True,Mortgage Broker Co
MAT00011,CLI0211,LOC01,Conveyancing,Open,2025-11-20,,,Lawyer-20,4356.59,False,
MAT00012,CLI0078,LOC03,Conveyancing,Closed,2024-08-06,2025-04-20,,Lawyer-10,2393.43,False,
MAT00013,CLI0215,LOC04,Commercial Litigation,Closed,2024-12-09,2025-05-21,CSL03,Lawyer-03,5372.9,False,
MAT00014,CLI0217,LOC01,Family Law,Closed,2024-07-11,2025-01-27,,Lawyer-14,2164.51,False,
MAT00015,CLI0120,LOC04,Conveyancing,Closed,2025-06-30,2025-10-07,,Lawyer-09,2367.06,False,
MAT00016,CLI0167,LOC01,Conveyancing,Closed,2025-06-04,2025-10-20,,Lawyer-13,8127.69,True,Real Estate Alliance
MAT00017,CLI0085,LOC05,Conveyancing,Closed,2025-02-26,2025-03-26,,Lawyer-03,10937.92,False,
MAT00018,CLI0093,LOC03,Conveyancing,Closed,2024-01-07,2024-03-16,,Lawyer-03,15818.77,True,Accountant Partners
MAT00019,CLI0209,LOC03,Commercial Advisory,Closed,2025-02-17,2025-09-07,,Lawyer-01,8644.41,False,
MAT00020,CLI0092,LOC02,Commercial Advisory,Open,2025-11-27,,,Lawyer-07,2178.6,True,Financial Planner Network
MAT00021,CLI0148,LOC01,Family Law,Open,2025-09-28,,,Lawyer-19,11725.45,False,
MAT00022,CLI0088,LOC03,Commercial Advisory,Closed,2025-07-23,2025-09-15,,Lawyer-16,10572.51,False,
MAT00023,CLI0089,LOC01,Conveyancing,Closed,2025-08-26,2025-09-16,,Lawyer-18,1716.67,True,Mortgage Broker Co
MAT00024,CLI0047,LOC04,Wills & Estates,Closed,2024-07-30,2025-05-24,,Lawyer-04,5490.9,False,
MAT00025,CLI0218,LOC01,Conveyancing,Closed,2025-02-19,2025-11-17,,Lawyer-18,1681.79,False,
MAT00026,CLI0052,LOC02,Conveyancing,Written off,2025-10-08,2025-10-24,,Lawyer-10,6794.77,False,
MAT00027,CLI0105,LOC04,Insolvency,Closed,2024-03-29,2024-09-16,CSL06,Lawyer-12,8605.01,True,Real Estate Alliance
MAT00028,CLI0111,LOC04,Wills & Estates,Open,2025-11-14,,,Lawyer-02,14091.14,True,Real Estate Alliance
MAT00029,CLI0007,LOC03,Insolvency,Closed,2025-08-10,2025-11-26,,Lawyer-19,17302.36,False,
MAT00030,CLI0066,LOC03,Family Law,Written off,2025-04-19,2025-08-11,,Lawyer-19,6604.51,False,
MAT00031,CLI0126,LOC05,Conveyancing,Closed,2024-01-25,2024-12-10,,Lawyer-24,7189.0,False,
MAT00032,CLI0173,LOC04,Commercial Litigation,Closed,2024-03-06,2024-05-17,,Lawyer-18,19811.13,True,Financial Planner Network
MAT00033,CLI0202,LOC03,Insolvency,Closed,2025-08-24,2025-12-07,,Lawyer-06,5584.92,False,
MAT00034,CLI0148,LOC01,Family Law,Closed,2024-03-03,2024-12-27,,Lawyer-24,1968.44,False,
MAT00035,CLI0031,LOC01,Insolvency,Closed,2025-02-02,2025-11-11,CSL09,Lawyer-11,4014.45,True,Existing Client Referral
MAT00036,CLI0098,LOC03,Employment,Open,2025-11-22,,,Lawyer-16,7547.16,False,
MAT00037,CLI0094,LOC01,Family Law,Closed,2024-10-03,2025-05-23,,Lawyer-15,3921.98,False,
MAT00038,CLI0175,LOC01,Family Law,Closed,2024-02-17,2024-05-13,,Lawyer-20,7353.45,False,
MAT00039,CLI0179,LOC02,Wills & Estates,Written off,2024-04-01,2024-04-29,,Lawyer-09,1483.16,True,Real Estate Alliance
MAT00040,CLI0017,LOC03,Insolvency,Closed,2025-06-11,2025-11-02,CSL03,Lawyer-02,5208.63,False,
MAT00041,CLI0155,LOC01,Conveyancing,Written off,2024-11-23,2024-12-06,,Lawyer-13,989.55,False,
MAT00042,CLI0058,LOC01,Conveyancing,Closed,2024-06-12,2024-09-28,,Lawyer-08,6654.2,False,
MAT00043,CLI0196,LOC03,Employment,Open,2025-09-05,,,Lawyer-25,7044.66,True,Financial Planner Network
MAT00044,CLI0015,LOC03,Family Law,Closed,2024-08-01,2025-01-23,,Lawyer-03,3288.03,False,
MAT00045,CLI0207,LOC05,Conveyancing,Closed,2024-02-27,2024-06-14,,Lawyer-10,2499.67,False,
MAT00046,CLI0025,LOC01,Commercial Litigation,Open,2025-02-12,,CSL04,Lawyer-01,22684.76,False,
MAT00047,CLI0044,LOC02,Employment,Closed,2025-06-24,2025-12-10,CSL02,Lawyer-05,2761.2,True,Financial Planner Network
MAT00048,CLI0131,LOC04,Commercial Litigation,Closed,2024-02-13,2024-08-16,,Lawyer-15,2283.29,False,
MAT00049,CLI0174,LOC03,Family Law,Open,2025-09-04,,,Lawyer-07,4080.13,True,Mortgage Broker Co
MAT00050,CLI0083,LOC01,Insolvency,Closed,2025-10-20,2025-10-31,CSL08,Lawyer-10,4407.04,False,
MAT00051,CLI0117,LOC05,Conveyancing,Written off,2025-01-10,2025-06-09,,Lawyer-04,23924.41,False,
MAT00052,CLI0185,LOC03,Conveyancing,Closed,2024-09-17,2025-05-01,,Lawyer-22,11841.57,True,Mortgage Broker Co
MAT00053,CLI0120,LOC04,Insolvency,Closed,2024-01-02,2024-05-16,CSL10,Lawyer-11,7348.54,False,
MAT00054,CLI0125,LOC02,Employment,Closed,2024-04-09,2025-03-04,CSL09,Lawyer-04,1908.01,False,
MAT00055,CLI0163,LOC02,Conveyancing,Open,2025-10-14,,,Lawyer-17,5422.28,False,
MAT00056,CLI0120,LOC04,Commercial Advisory,Open,2025-03-11,,,Lawyer-06,2203.69,False,
MAT00057,CLI0164,LOC04,Wills & Estates,Written off,2025-06-11,2025-06-21,,Lawyer-22,12480.49,True,Mortgage Broker Co
MAT00058,CLI0069,LOC01,Conveyancing,Closed,2024-10-30,2025-01-07,,Lawyer-04,2208.92,False,
MAT00059,CLI0099,LOC02,Wills & Estates,Open,2025-10-07,,,Lawyer-12,1517.53,False,
MAT00060,CLI0086,LOC01,Family Law,Open,2025-03-05,,,Lawyer-14,10530.43,False,
MAT00061,CLI0014,LOC01,Commercial Advisory,Closed,2024-05-04,2024-12-27,,Lawyer-02,4136.65,False,
MAT00062,CLI0069,LOC01,Wills & Estates,Written off,2024-04-30,2024-09-04,,Lawyer-19,4920.86,False,
MAT00063,CLI0176,LOC01,Family Law,Closed,2025-05-31,2025-08-07,,Lawyer-18,11400.1,False,
MAT00064,CLI0042,LOC01,Wills & Estates,Closed,2024-10-08,2025-02-28,,Lawyer-07,7377.49,False,
MAT00065,CLI0166,LOC04,Wills & Estates,Closed,2024-03-29,2024-05-29,,Lawyer-17,1787.67,True,Financial Planner Network
MAT00066,CLI0077,LOC04,Commercial Advisory,Closed,2024-05-18,2025-05-29,,Lawyer-22,5692.79,False,
MAT00067,CLI0135,LOC01,Conveyancing,Closed,2025-06-20,2025-08-23,,Lawyer-23,7854.53,False,
MAT00068,CLI0168,LOC01,Family Law,Open,2025-09-29,,,Lawyer-18,763.42,False,
MAT00069,CLI0118,LOC01,Conveyancing,Closed,2024-08-03,2025-04-13,,Lawyer-13,3462.25,False,
MAT00070,CLI0081,LOC02,Conveyancing,Closed,2024-10-06,2025-05-14,,Lawyer-11,3287.9,False,
MAT00071,CLI0196,LOC03,Insolvency,Open,2025-08-16,,CSL09,Lawyer-14,5953.49,False,
MAT00072,CLI0028,LOC02,Commercial Litigation,Closed,2025-07-20,2025-11-02,,Lawyer-24,1776.53,False,
MAT00073,CLI0113,LOC03,Commercial Advisory,Open,2025-11-15,,,Lawyer-20,1572.49,False,
MAT00074,CLI0220,LOC02,Conveyancing,Closed,2025-02-28,2025-11-16,,Lawyer-12,4730.01,True,Real Estate Alliance
MAT00075,CLI0106,LOC03,Conveyancing,Open,2025-04-05,,,Lawyer-15,5144.96,False,
MAT00076,CLI0205,LOC05,Commercial Litigation,Closed,2024-04-27,2024-10-31,CSL08,Lawyer-16,4418.86,False,
MAT00077,CLI0164,LOC04,Employment,Closed,2024-03-21,2024-07-20,CSL02,Lawyer-22,19767.02,False,
MAT00078,CLI0139,LOC01,Conveyancing,Open,2025-10-15,,,Lawyer-04,5742.93,False,
MAT00079,CLI0067,LOC03,Insolvency,Closed,2024-06-05,2025-02-28,,Lawyer-04,3176.45,True,Real Estate Alliance
MAT00080,CLI0130,LOC02,Family Law,Closed,2024-07-25,2025-04-28,,Lawyer-01,5113.45,False,
MAT00081,CLI0220,LOC02,Conveyancing,Open,2025-11-30,,,Lawyer-19,16610.06,False,
MAT00082,CLI0020,LOC02,Family Law,Closed,2024-05-04,2024-10-26,,Lawyer-20,10205.18,False,
MAT00083,CLI0005,LOC04,Commercial Advisory,Closed,2024-09-04,2025-09-02,,Lawyer-21,20715.93,False,
MAT00084,CLI0123,LOC02,Commercial Advisory,Closed,2024-04-27,2024-11-14,,Lawyer-15,15067.76,True,Financial Planner Network
MAT00085,CLI0113,LOC03,Conveyancing,Closed,2024-08-03,2025-03-09,,Lawyer-06,2766.03,True,Mortgage Broker Co
MAT00086,CLI0023,LOC03,Commercial Advisory,Closed,2024-03-10,2024-04-02,,Lawyer-09,4361.16,False,
MAT00087,CLI0090,LOC04,Insolvency,Closed,2024-04-27,2024-08-19,,Lawyer-21,4682.35,True,Real Estate Alliance
MAT00088,CLI0107,LOC03,Conveyancing,Closed,2025-05-31,2025-10-15,,Lawyer-19,25512.29,False,
MAT00089,CLI0091,LOC01,Commercial Litigation,Closed,2024-10-15,2025-01-18,,Lawyer-19,3843.65,True,Mortgage Broker Co
MAT00090,CLI0181,LOC01,Conveyancing,Closed,2024-01-31,2024-12-27,,Lawyer-22,3276.94,False,
MAT00091,CLI0048,LOC03,Commercial Litigation,Closed,2024-04-06,2025-04-08,,Lawyer-10,1516.38,False,
MAT00092,CLI0199,LOC04,Conveyancing,Closed,2024-11-27,2025-08-19,,Lawyer-01,2502.99,False,
MAT00093,CLI0174,LOC03,Commercial Advisory,Closed,2025-01-31,2025-07-04,,Lawyer-18,1930.85,True,Accountant Partners
MAT00094,CLI0133,LOC01,Conveyancing,Closed,2024-12-06,2025-04-07,,Lawyer-11,2735.92,False,
MAT00095,CLI0219,LOC04,Commercial Litigation,Closed,2025-06-12,2025-10-05,CSL05,Lawyer-15,9600.52,False,
MAT00096,CLI0046,LOC03,Conveyancing,Closed,2024-01-07,2024-04-08,,Lawyer-20,4784.38,False,
MAT00097,CLI0063,LOC01,Family Law,Closed,2024-04-30,2025-03-29,,Lawyer-12,30958.85,True,Real Estate Alliance
MAT00098,CLI0014,LOC01,Conveyancing,Closed,2025-02-14,2025-06-21,,Lawyer-17,1651.95,True,Mortgage Broker Co
MAT00099,CLI0048,LOC03,Conveyancing,Closed,2024-10-22,2024-12-01,,Lawyer-04,2860.91,False,
MAT00100,CLI0156,LOC03,Conveyancing,Closed,2025-01-02,2025-05-31,,Lawyer-11,4594.61,False,
MAT00101,CLI0112,LOC04,Insolvency,Closed,2024-05-23,2025-03-01,CSL01,Lawyer-11,17898.28,False,
MAT00102,CLI0209,LOC03,Wills & Estates,Closed,2024-03-26,2024-05-15,,Lawyer-21,2414.37,False,
MAT00103,CLI0018,LOC04,Commercial Litigation,Written off,2024-02-13,2024-06-28,,Lawyer-24,1977.34,False,
MAT00104,CLI0166,LOC04,Family Law,Written off,2024-04-29,2024-12-02,,Lawyer-13,7290.36,False,
MAT00105,CLI0190,LOC01,Family Law,Closed,2024-11-25,2025-01-23,,Lawyer-25,17141.93,True,Mortgage Broker Co
MAT00106,CLI0080,LOC02,Family Law,Closed,2025-02-08,2025-07-07,,Lawyer-21,3748.33,False,
MAT00107,CLI0208,LOC02,Insolvency,Open,2025-03-19,,CSL04,Lawyer-25,2651.23,False,
MAT00108,CLI0165,LOC03,Wills & Estates,Closed,2025-02-01,2025-06-27,,Lawyer-14,5246.5,False,
MAT00109,CLI0126,LOC05,Conveyancing,Closed,2024-08-01,2024-10-14,,Lawyer-22,3632.07,False,
MAT00110,CLI0032,LOC03,Wills & Estates,Closed,2024-05-30,2025-01-02,,Lawyer-07,9751.97,False,
MAT00111,CLI0095,LOC04,Wills & Estates,Written off,2025-11-25,2025-12-25,,Lawyer-03,3098.77,False,
MAT00112,CLI0094,LOC01,Conveyancing,Open,2025-10-08,,,Lawyer-01,7535.11,False,
MAT00113,CLI0054,LOC03,Conveyancing,Closed,2024-08-22,2025-06-17,,Lawyer-06,5735.45,False,
MAT00114,CLI0147,LOC01,Commercial Advisory,Closed,2024-11-22,2025-12-02,,Lawyer-09,11404.69,False,
MAT00115,CLI0010,LOC03,Conveyancing,Closed,2025-04-15,2025-06-26,,Lawyer-06,11625.25,False,
MAT00116,CLI0220,LOC02,Employment,Closed,2025-01-10,2025-11-24,,Lawyer-22,832.17,False,
MAT00117,CLI0032,LOC03,Commercial Advisory,Closed,2024-12-19,2025-07-04,,Lawyer-19,16475.2,False,
MAT00118,CLI0075,LOC05,Commercial Litigation,Closed,2025-03-01,2025-04-29,,Lawyer-11,7813.11,False,
MAT00119,CLI0076,LOC04,Commercial Litigation,Open,2025-05-26,,CSL10,Lawyer-14,15857.09,False,
MAT00120,CLI0133,LOC01,Conveyancing,Closed,2025-03-14,2025-12-09,,Lawyer-04,12974.22,False,
MAT00121,CLI0016,LOC03,Family Law,Closed,2024-01-29,2025-02-05,,Lawyer-06,1002.06,True,Mortgage Broker Co
MAT00122,CLI0005,LOC04,Employment,Closed,2024-03-08,2024-06-03,,Lawyer-11,9819.24,True,Financial Planner Network
MAT00123,CLI0027,LOC01,Wills & Estates,Open,2025-09-01,,,Lawyer-11,8063.41,False,
MAT00124,CLI0152,LOC03,Family Law,Written off,2024-09-15,2025-10-17,,Lawyer-06,12386.19,True,Existing Client Referral
MAT00125,CLI0191,LOC01,Insolvency,Closed,2024-09-29,2024-10-26,,Lawyer-08,30383.63,True,Mortgage Broker Co
MAT00126,CLI0034,LOC01,Conveyancing,Closed,2025-05-20,2025-12-24,,Lawyer-18,3865.99,False,
MAT00127,CLI0139,LOC01,Conveyancing,Closed,2024-10-05,2024-12-21,,Lawyer-25,7625.5,True,Mortgage Broker Co
MAT00128,CLI0099,LOC02,Conveyancing,Open,2025-11-06,,,Lawyer-22,1389.53,False,
MAT00129,CLI0083,LOC01,Employment,Open,2025-03-09,,,Lawyer-24,8959.48,True,Existing Client Referral
MAT00130,CLI0134,LOC03,Family Law,Open,2025-11-06,,,Lawyer-11,411.43,False,
MAT00131,CLI0098,LOC03,Commercial Litigation,Open,2025-05-08,,CSL04,Lawyer-03,2042.82,False,
MAT00132,CLI0004,LOC02,Commercial Advisory,Closed,2024-03-03,2024-12-20,,Lawyer-12,3333.23,False,
MAT00133,CLI0125,LOC02,Conveyancing,Written off,2025-08-25,2025-11-23,,Lawyer-10,9117.87,True,Real Estate Alliance
MAT00134,CLI0139,LOC01,Employment,Closed,2024-01-29,2024-05-10,CSL10,Lawyer-02,10149.74,True,Accountant Partners
MAT00135,CLI0213,LOC03,Family Law,Open,2025-09-30,,,Lawyer-16,3725.8,True,Financial Planner Network
MAT00136,CLI0031,LOC01,Insolvency,Closed,2025-03-08,2025-11-16,CSL10,Lawyer-11,13017.18,True,Real Estate Alliance
MAT00137,CLI0198,LOC03,Commercial Litigation,Closed,2024-08-15,2025-06-21,CSL07,Lawyer-09,2391.56,False,
MAT00138,CLI0150,LOC03,Commercial Litigation,Closed,2025-07-19,2025-10-26,CSL08,Lawyer-24,2486.49,True,Real Estate Alliance
MAT00139,CLI0167,LOC01,Family Law,Closed,2024-12-14,2025-01-05,,Lawyer-13,1767.66,False,
MAT00140,CLI0107,LOC03,Family Law,Open,2025-10-07,,,Lawyer-19,19827.69,True,Real Estate Alliance
MAT00141,CLI0156,LOC03,Wills & Estates,Written off,2025-03-03,2025-04-01,,Lawyer-13,3184.66,False,
MAT00142,CLI0177,LOC05,Conveyancing,Open,2025-09-19,,,Lawyer-21,3805.8,False,
MAT00143,CLI0091,LOC01,Commercial Litigation,Closed,2024-11-15,2025-07-31,,Lawyer-11,12921.72,False,
MAT00144,CLI0185,LOC03,Employment,Open,2025-04-08,,CSL04,Lawyer-10,1706.58,False,
MAT00145,CLI0106,LOC03,Commercial Litigation,Closed,2024-12-20,2025-07-25,CSL03,Lawyer-10,710.26,True,Existing Client Referral
MAT00146,CLI0185,LOC03,Insolvency,Closed,2025-05-27,2025-09-20,,Lawyer-08,8143.54,True,Mortgage Broker Co
MAT00147,CLI0063,LOC01,Family Law,Closed,2024-05-12,2025-05-01,,Lawyer-21,11971.12,False,
MAT00148,CLI0102,LOC01,Family Law,Closed,2024-05-02,2025-03-20,,Lawyer-04,5321.89,False,
MAT00149,CLI0121,LOC02,Family Law,Open,2025-08-03,,,Lawyer-11,7262.78,True,Real Estate Alliance
MAT00150,CLI0213,LOC03,Wills & Estates,Closed,2024-03-17,2025-02-07,,Lawyer-07,17901.36,False,
MAT00151,CLI0022,LOC01,Conveyancing,Closed,2024-06-17,2024-09-25,,Lawyer-12,5224.84,True,Mortgage Broker Co
MAT00152,CLI0078,LOC03,Conveyancing,Closed,2024-08-07,2025-01-06,,Lawyer-04,899.9,False,
MAT00153,CLI0180,LOC02,Conveyancing,Closed,2025-01-12,2025-11-15,,Lawyer-16,952.34,False,
MAT00154,CLI0049,LOC01,Employment,Closed,2025-03-26,2025-10-05,,Lawyer-16,14342.62,False,
MAT00155,CLI0125,LOC02,Conveyancing,Closed,2025-05-12,2025-05-28,,Lawyer-13,7175.68,False,
MAT00156,CLI0073,LOC03,Family Law,Closed,2024-10-12,2025-06-29,,Lawyer-21,10660.5,True,Mortgage Broker Co
MAT00157,CLI0094,LOC01,Employment,Open,2025-08-16,,,Lawyer-22,6722.8,False,
MAT00158,CLI0005,LOC04,Conveyancing,Open,2025-07-29,,,Lawyer-11,2636.17,False,
MAT00159,CLI0173,LOC04,Commercial Litigation,Closed,2024-08-29,2024-12-01,CSL02,Lawyer-20,1574.48,False,
MAT00160,CLI0136,LOC04,Wills & Estates,Closed,2024-10-09,2025-07-07,,Lawyer-05,4763.66,False,
MAT00161,CLI0205,LOC05,Insolvency,Closed,2025-06-22,2025-08-25,,Lawyer-25,1906.21,True,Accountant Partners
MAT00162,CLI0021,LOC04,Conveyancing,Closed,2024-01-04,2024-06-29,,Lawyer-20,7386.12,True,Existing Client Referral
MAT00163,CLI0082,LOC03,Commercial Litigation,Open,2025-05-31,,CSL07,Lawyer-01,740.43,False,
MAT00164,CLI0011,LOC03,Conveyancing,Closed,2024-05-26,2024-08-25,,Lawyer-20,4878.39,False,
MAT00165,CLI0017,LOC03,Wills & Estates,Closed,2024-03-03,2024-05-12,,Lawyer-10,3604.81,True,Real Estate Alliance
MAT00166,CLI0028,LOC02,Insolvency,Closed,2024-12-01,2025-07-04,,Lawyer-17,7250.06,False,
MAT00167,CLI0019,LOC03,Insolvency,Closed,2024-02-20,2024-06-04,,Lawyer-11,1510.83,True,Real Estate Alliance
MAT00168,CLI0096,LOC04,Conveyancing,Closed,2024-10-09,2025-04-17,,Lawyer-06,3845.19,False,
MAT00169,CLI0087,LOC01,Conveyancing,Open,2025-09-27,,,Lawyer-07,5829.81,True,Mortgage Broker Co
MAT00170,CLI0081,LOC02,Commercial Litigation,Open,2025-10-22,,,Lawyer-06,2740.32,False,
MAT00171,CLI0166,LOC04,Conveyancing,Open,2025-07-04,,,Lawyer-05,6458.67,False,
MAT00172,CLI0179,LOC02,Commercial Advisory,Closed,2024-05-27,2024-09-10,,Lawyer-22,14329.26,True,Real Estate Alliance
MAT00173,CLI0126,LOC05,Family Law,Closed,2024-08-02,2025-03-09,,Lawyer-19,14415.56,False,
MAT00174,CLI0179,LOC02,Wills & Estates,Open,2025-11-13,,,Lawyer-05,1445.19,False,
MAT00175,CLI0120,LOC04,Commercial Advisory,Closed,2025-01-04,2025-03-17,,Lawyer-19,1418.14,True,Accountant Partners
MAT00176,CLI0190,LOC01,Family Law,Closed,2024-12-18,2025-07-13,,Lawyer-15,3442.86,False,
MAT00177,CLI0022,LOC01,Conveyancing,Open,2025-06-26,,,Lawyer-07,1325.49,False,
MAT00178,CLI0047,LOC04,Commercial Advisory,Closed,2025-01-01,2025-07-06,,Lawyer-25,46548.81,False,
MAT00179,CLI0039,LOC01,Commercial Litigation,Closed,2024-09-05,2025-05-21,,Lawyer-15,5441.44,True,Real Estate Alliance
MAT00180,CLI0051,LOC01,Commercial Litigation,Closed,2024-12-27,2025-11-09,,Lawyer-20,4426.31,False,
MAT00181,CLI0216,LOC01,Commercial Litigation,Closed,2024-07-29,2024-11-07,,Lawyer-16,1407.26,True,Financial Planner Network
MAT00182,CLI0020,LOC02,Family Law,Open,2025-05-13,,,Lawyer-13,9664.28,True,Financial Planner Network
MAT00183,CLI0183,LOC03,Conveyancing,Open,2025-08-28,,,Lawyer-10,3356.55,False,
MAT00184,CLI0214,LOC04,Wills & Estates,Closed,2025-01-12,2025-05-02,,Lawyer-19,1764.89,False,
MAT00185,CLI0065,LOC01,Family Law,Open,2025-09-11,,,Lawyer-20,1136.9,True,Real Estate Alliance
MAT00186,CLI0077,LOC04,Employment,Closed,2024-01-20,2024-07-20,,Lawyer-18,30110.12,False,
MAT00187,CLI0087,LOC01,Commercial Litigation,Closed,2024-02-12,2024-10-28,,Lawyer-02,9671.04,False,
MAT00188,CLI0109,LOC01,Conveyancing,Closed,2024-09-01,2024-12-22,,Lawyer-25,3375.9,False,
MAT00189,CLI0042,LOC01,Conveyancing,Closed,2024-07-22,2024-10-22,,Lawyer-10,30658.08,True,Mortgage Broker Co
MAT00190,CLI0127,LOC03,Conveyancing,Closed,2024-01-22,2024-03-23,,Lawyer-03,5618.22,False,
MAT00191,CLI0016,LOC03,Insolvency,Closed,2025-06-26,2025-11-02,,Lawyer-16,12371.64,False,
MAT00192,CLI0003,LOC04,Family Law,Closed,2024-02-17,2024-05-03,,Lawyer-11,20530.24,True,Mortgage Broker Co
MAT00193,CLI0121,LOC02,Commercial Advisory,Closed,2025-04-27,2025-09-12,,Lawyer-23,7204.33,False,
MAT00194,CLI0068,LOC04,Commercial Litigation,Closed,2024-02-24,2024-12-23,,Lawyer-06,3264.71,True,Accountant Partners
MAT00195,CLI0026,LOC02,Family Law,Closed,2024-07-21,2024-11-18,,Lawyer-16,5787.05,False,
MAT00196,CLI0098,LOC03,Wills & Estates,Closed,2025-03-08,2025-12-06,,Lawyer-19,4770.2,True,Real Estate Alliance
MAT00197,CLI0182,LOC01,Conveyancing,Open,2025-11-28,,,Lawyer-21,3618.28,False,
MAT00198,CLI0138,LOC01,Commercial Advisory,Open,2025-06-04,,,Lawyer-12,14876.69,False,
MAT00199,CLI0147,LOC01,Insolvency,Open,2025-10-12,,CSL07,Lawyer-16,11251.71,False,
MAT00200,CLI0144,LOC01,Family Law,Closed,2025-04-13,2025-10-27,,Lawyer-14,14739.01,False,
MAT00201,CLI0054,LOC03,Commercial Litigation,Closed,2024-11-23,2025-07-20,CSL02,Lawyer-17,4143.57,True,Real Estate Alliance
MAT00202,CLI0085,LOC05,Wills & Estates,Closed,2025-05-11,2025-06-02,,Lawyer-03,3645.65,True,Financial Planner Network
MAT00203,CLI0105,LOC04,Wills & Estates,Closed,2024-05-16,2024-09-30,,Lawyer-08,964.08,False,
MAT00204,CLI0113,LOC03,Insolvency,Open,2025-06-15,,,Lawyer-13,936.8,False,
MAT00205,CLI0061,LOC01,Conveyancing,Closed,2025-05-22,2025-09-20,,Lawyer-16,9876.55,True,Real Estate Alliance
MAT00206,CLI0151,LOC05,Employment,Closed,2024-03-17,2024-10-18,,Lawyer-09,9702.15,False,
MAT00207,CLI0124,LOC05,Commercial Advisory,Closed,2024-05-22,2024-08-27,,Lawyer-08,2468.83,False,
MAT00208,CLI0054,LOC03,Insolvency,Closed,2025-02-11,2025-12-29,CSL07,Lawyer-14,5879.14,False,
MAT00209,CLI0207,LOC05,Wills & Estates,Closed,2024-10-15,2025-04-02,,Lawyer-11,5485.63,False,
MAT00210,CLI0193,LOC01,Conveyancing,Closed,2024-08-19,2025-03-24,,Lawyer-22,5593.86,True,Financial Planner Network
MAT00211,CLI0188,LOC04,Conveyancing,Open,2025-01-22,,,Lawyer-08,6688.56,True,Financial Planner Network
MAT00212,CLI0035,LOC01,Conveyancing,Closed,2024-07-11,2024-07-24,,Lawyer-02,13896.18,True,Mortgage Broker Co
MAT00213,CLI0170,LOC04,Family Law,Closed,2024-04-18,2024-07-26,,Lawyer-12,13652.65,True,Existing Client Referral
MAT00214,CLI0171,LOC01,Conveyancing,Open,2025-09-17,,,Lawyer-05,3890.53,False,
MAT00215,CLI0082,LOC03,Conveyancing,Closed,2025-09-20,2025-12-18,,Lawyer-05,2083.85,False,
MAT00216,CLI0028,LOC02,Family Law,Closed,2025-02-23,2025-10-09,,Lawyer-08,1257.05,False,
MAT00217,CLI0154,LOC02,Conveyancing,Closed,2024-03-14,2024-08-08,,Lawyer-09,6905.42,True,Real Estate Alliance
MAT00218,CLI0104,LOC02,Family Law,Open,2025-03-18,,,Lawyer-06,13657.74,False,
MAT00219,CLI0099,LOC02,Family Law,Open,2025-05-13,,,Lawyer-16,4273.67,True,Financial Planner Network
MAT00220,CLI0205,LOC05,Commercial Litigation,Closed,2024-06-05,2024-08-17,,Lawyer-11,14245.18,False,
MAT00221,CLI0162,LOC03,Insolvency,Closed,2025-01-07,2025-01-23,,Lawyer-22,3558.69,True,Existing Client Referral
MAT00222,CLI0119,LOC04,Insolvency,Closed,2024-06-11,2025-07-04,CSL01,Lawyer-22,349.72,False,
MAT00223,CLI0172,LOC02,Commercial Litigation,Closed,2025-03-22,2025-11-10,,Lawyer-18,963.57,True,Existing Client Referral
MAT00224,CLI0008,LOC02,Family Law,Closed,2025-05-20,2025-12-14,,Lawyer-04,11844.31,False,
MAT00225,CLI0090,LOC04,Conveyancing,Closed,2025-05-28,2025-11-01,,Lawyer-06,17398.84,False,
MAT00226,CLI0160,LOC03,Conveyancing,Open,2025-10-24,,,Lawyer-05,2952.63,False,
MAT00227,CLI0042,LOC01,Family Law,Open,2025-08-19,,,Lawyer-24,1798.8,True,Existing Client Referral
MAT00228,CLI0092,LOC02,Conveyancing,Open,2025-11-22,,,Lawyer-03,2396.6,False,
MAT00229,CLI0024,LOC02,Conveyancing,Closed,2024-10-17,2025-04-30,,Lawyer-13,3015.24,True,Accountant Partners
MAT00230,CLI0185,LOC03,Family Law,Closed,2024-08-10,2025-07-14,,Lawyer-07,3205.28,False,
MAT00231,CLI0162,LOC03,Insolvency,Open,2025-03-31,,CSL05,Lawyer-05,8405.02,True,Existing Client Referral
MAT00232,CLI0094,LOC01,Commercial Litigation,Closed,2024-11-14,2025-01-17,CSL06,Lawyer-14,5968.32,True,Existing Client Referral
MAT00233,CLI0127,LOC03,Commercial Litigation,Closed,2025-03-06,2025-07-22,CSL07,Lawyer-09,6333.21,True,Real Estate Alliance
MAT00234,CLI0124,LOC05,Commercial Advisory,Closed,2024-01-05,2024-06-10,,Lawyer-04,6493.41,False,
MAT00235,CLI0171,LOC01,Commercial Litigation,Closed,2024-01-16,2024-12-24,,Lawyer-11,6690.84,False,
MAT00236,CLI0001,LOC03,Family Law,Closed,2024-06-21,2025-04-24,,Lawyer-13,3368.63,False,
MAT00237,CLI0138,LOC01,Employment,Open,2025-03-18,,CSL01,Lawyer-14,1534.08,False,
MAT00238,CLI0150,LOC03,Employment,Closed,2024-04-12,2024-07-05,,Lawyer-01,1740.47,False,
MAT00239,CLI0174,LOC03,Employment,Closed,2024-07-22,2025-02-02,CSL08,Lawyer-24,5296.1,True,Mortgage Broker Co
MAT00240,CLI0213,LOC03,Commercial Litigation,Closed,2024-03-04,2024-03-17,,Lawyer-24,5100.94,True,Existing Client Referral
MAT00241,CLI0164,LOC04,Commercial Litigation,Closed,2025-08-24,2025-10-23,CSL03,Lawyer-23,3483.8,False,
MAT00242,CLI0201,LOC05,Commercial Litigation,Open,2025-11-14,,CSL01,Lawyer-18,13318.37,True,Existing Client Referral
MAT00243,CLI0136,LOC04,Wills & Estates,Closed,2024-09-17,2025-01-07,,Lawyer-08,2732.32,False,
MAT00244,CLI0209,LOC03,Commercial Litigation,Closed,2025-05-16,2025-07-04,CSL09,Lawyer-11,10831.14,False,
MAT00245,CLI0091,LOC01,Family Law,Closed,2024-08-27,2025-04-09,,Lawyer-04,5701.06,False,
MAT00246,CLI0033,LOC01,Commercial Advisory,Open,2025-09-26,,,Lawyer-04,2031.22,False,
MAT00247,CLI0140,LOC04,Employment,Closed,2025-05-12,2025-11-28,CSL04,Lawyer-20,12940.22,False,
MAT00248,CLI0130,LOC02,Conveyancing,Closed,2024-05-04,2024-06-11,,Lawyer-24,1531.15,True,Existing Client Referral
MAT00249,CLI0108,LOC04,Conveyancing,Closed,2024-06-17,2025-05-14,,Lawyer-01,5265.72,True,Real Estate Alliance
MAT00250,CLI0069,LOC01,Commercial Litigation,Closed,2024-09-26,2025-02-16,CSL04,Lawyer-08,13631.88,True,Existing Client Referral
MAT00251,CLI0086,LOC01,Insolvency,Closed,2024-02-01,2024-08-25,CSL01,Lawyer-20,9570.72,False,
MAT00252,CLI0149,LOC05,Insolvency,Closed,2024-04-28,2024-10-24,,Lawyer-02,1067.07,False,
MAT00253,CLI0074,LOC02,Employment,Open,2025-10-12,,CSL08,Lawyer-04,4222.96,False,
MAT00254,CLI0192,LOC03,Commercial Advisory,Closed,2024-01-24,2024-12-12,,Lawyer-16,6569.86,True,Financial Planner Network
MAT00255,CLI0137,LOC03,Conveyancing,Closed,2024-10-16,2025-07-10,,Lawyer-12,4301.47,False,
MAT00256,CLI0215,LOC04,Insolvency,Closed,2024-05-09,2024-09-01,CSL08,Lawyer-09,2622.25,False,
MAT00257,CLI0012,LOC04,Conveyancing,Closed,2024-09-19,2025-04-13,,Lawyer-16,7943.11,False,
MAT00258,CLI0016,LOC03,Commercial Advisory,Open,2025-01-31,,,Lawyer-07,3865.18,False,
MAT00259,CLI0098,LOC03,Employment,Open,2025-02-08,,CSL10,Lawyer-14,7238.62,True,Accountant Partners
MAT00260,CLI0070,LOC02,Conveyancing,Closed,2025-02-12,2025-04-27,,Lawyer-24,2842.58,False,
MAT00261,CLI0063,LOC01,Conveyancing,Closed,2024-08-23,2025-04-23,,Lawyer-13,5129.9,True,Real Estate Alliance
MAT00262,CLI0055,LOC01,Wills & Estates,Closed,2024-09-22,2024-11-17,,Lawyer-07,7326.69,False,
MAT00263,CLI0067,LOC03,Family Law,Closed,2024-05-10,2024-09-27,,Lawyer-18,2322.6,True,Existing Client Referral
MAT00264,CLI0107,LOC03,Commercial Litigation,Open,2025-11-30,,CSL09,Lawyer-24,68280.83,False,
MAT00265,CLI0096,LOC04,Insolvency,Closed,2024-03-02,2024-11-22,CSL10,Lawyer-19,1817.21,False,
MAT00266,CLI0033,LOC01,Insolvency,Closed,2024-10-18,2025-09-27,CSL03,Lawyer-03,36644.88,True,Existing Client Referral
MAT00267,CLI0107,LOC03,Wills & Estates,Written off,2024-11-08,2024-12-24,,Lawyer-11,4867.69,False,
MAT00268,CLI0039,LOC01,Commercial Litigation,Open,2025-09-05,,CSL04,Lawyer-21,2210.05,True,Mortgage Broker Co
MAT00269,CLI0161,LOC03,Conveyancing,Closed,2025-04-10,2025-09-17,,Lawyer-08,4475.47,True,Existing Client Referral
MAT00270,CLI0163,LOC02,Commercial Litigation,Closed,2025-04-29,2025-12-03,CSL03,Lawyer-15,4167.56,False,
MAT00271,CLI0101,LOC01,Insolvency,Open,2025-09-30,,CSL08,Lawyer-11,13116.51,False,
MAT00272,CLI0118,LOC01,Commercial Litigation,Closed,2024-01-14,2024-02-29,CSL08,Lawyer-19,3028.02,False,
MAT00273,CLI0070,LOC02,Insolvency,Closed,2025-02-22,2025-11-04,,Lawyer-14,6706.74,False,
MAT00274,CLI0021,LOC04,Family Law,Open,2025-08-31,,,Lawyer-06,6971.32,False,
MAT00275,CLI0133,LOC01,Commercial Litigation,Closed,2024-01-15,2024-04-07,,Lawyer-18,5243.85,True,Mortgage Broker Co
MAT00276,CLI0041,LOC03,Commercial Advisory,Closed,2024-02-28,2024-05-25,,Lawyer-05,1549.51,False,
MAT00277,CLI0053,LOC01,Commercial Litigation,Open,2025-05-10,,CSL03,Lawyer-16,5170.71,False,
MAT00278,CLI0164,LOC04,Wills & Estates,Closed,2024-01-31,2025-03-01,,Lawyer-24,637.06,False,
MAT00279,CLI0171,LOC01,Commercial Litigation,Closed,2024-03-05,2024-07-19,CSL03,Lawyer-15,639.34,False,
MAT00280,CLI0013,LOC03,Conveyancing,Closed,2024-10-01,2025-03-10,,Lawyer-04,9391.93,False,
MAT00281,CLI0038,LOC02,Commercial Advisory,Closed,2024-07-20,2025-06-16,,Lawyer-13,2035.7,True,Mortgage Broker Co
MAT00282,CLI0157,LOC02,Conveyancing,Written off,2024-10-09,2025-02-10,,Lawyer-07,29660.46,True,Mortgage Broker Co
MAT00283,CLI0205,LOC05,Family Law,Open,2025-02-05,,,Lawyer-15,14683.01,False,
MAT00284,CLI0180,LOC02,Conveyancing,Closed,2025-05-30,2025-11-23,,Lawyer-21,13015.62,False,
MAT00285,CLI0178,LOC05,Conveyancing,Closed,2024-09-15,2025-01-29,,Lawyer-05,3699.88,False,
MAT00286,CLI0119,LOC04,Wills & Estates,Closed,2024-01-02,2024-02-06,,Lawyer-02,4123.65,False,
MAT00287,CLI0002,LOC01,Conveyancing,Closed,2024-03-03,2024-10-11,,Lawyer-22,7573.59,False,
MAT00288,CLI0216,LOC01,Commercial Advisory,Open,2025-09-12,,,Lawyer-23,6872.47,False,
MAT00289,CLI0067,LOC03,Commercial Advisory,Open,2025-11-23,,,Lawyer-02,5712.12,False,
MAT00290,CLI0045,LOC02,Wills & Estates,Open,2025-10-05,,,Lawyer-21,40576.63,True,Real Estate Alliance
MAT00291,CLI0169,LOC01,Family Law,Closed,2024-07-04,2025-01-10,,Lawyer-20,635.84,False,
MAT00292,CLI0141,LOC03,Conveyancing,Closed,2024-06-24,2025-05-14,,Lawyer-22,13355.81,True,Financial Planner Network
MAT00293,CLI0053,LOC01,Conveyancing,Open,2025-08-16,,,Lawyer-04,3489.85,True,Accountant Partners
MAT00294,CLI0110,LOC05,Employment,Closed,2025-06-17,2025-10-10,CSL01,Lawyer-09,854.67,False,
MAT00295,CLI0191,LOC01,Conveyancing,Written off,2025-06-13,2025-10-20,,Lawyer-15,2914.36,True,Real Estate Alliance
MAT00296,CLI0038,LOC02,Family Law,Closed,2024-03-27,2024-11-30,,Lawyer-15,6488.59,False,
MAT00297,CLI0137,LOC03,Commercial Advisory,Closed,2024-05-22,2024-09-05,,Lawyer-22,22341.52,True,Accountant Partners
MAT00298,CLI0185,LOC03,Wills & Estates,Open,2025-09-28,,,Lawyer-05,53035.36,False,
MAT00299,CLI0187,LOC01,Conveyancing,Closed,2025-01-11,2025-06-21,,Lawyer-06,11048.14,True,Existing Client Referral
MAT00300,CLI0061,LOC01,Conveyancing,Closed,2024-03-27,2025-01-23,,Lawyer-20,604.67,False,
MAT00301,CLI0147,LOC01,Conveyancing,Closed,2024-02-08,2024-11-13,,Lawyer-02,11062.39,False,
MAT00302,CLI0110,LOC05,Family Law,Open,2025-08-02,,,Lawyer-09,3125.42,False,
MAT00303,CLI0062,LOC01,Family Law,Closed,2024-05-13,2025-02-06,,Lawyer-10,10253.48,False,
MAT00304,CLI0104,LOC02,Conveyancing,Open,2025-11-29,,,Lawyer-14,1912.46,False,
MAT00305,CLI0073,LOC03,Conveyancing,Closed,2024-12-03,2025-05-19,,Lawyer-09,13123.66,False,
MAT00306,CLI0016,LOC03,Wills & Estates,Closed,2025-04-05,2025-08-04,,Lawyer-20,2491.53,False,
MAT00307,CLI0065,LOC01,Conveyancing,Closed,2024-03-14,2024-07-08,,Lawyer-14,2414.07,False,
MAT00308,CLI0056,LOC05,Family Law,Closed,2025-04-20,2025-07-10,,Lawyer-06,18418.06,False,
MAT00309,CLI0211,LOC01,Family Law,Closed,2024-07-26,2024-12-15,,Lawyer-01,4218.94,False,
MAT00310,CLI0150,LOC03,Commercial Litigation,Closed,2025-05-21,2025-10-06,CSL01,Lawyer-23,5349.97,False,
MAT00311,CLI0079,LOC03,Conveyancing,Open,2025-10-22,,,Lawyer-03,2172.24,False,
MAT00312,CLI0031,LOC01,Commercial Litigation,Open,2025-08-08,,,Lawyer-24,2242.19,True,Existing Client Referral
MAT00313,CLI0055,LOC01,Commercial Litigation,Closed,2024-05-14,2024-06-12,,Lawyer-25,10569.45,False,
MAT00314,CLI0005,LOC04,Commercial Advisory,Closed,2025-01-21,2025-10-22,,Lawyer-13,10851.62,False,
MAT00315,CLI0070,LOC02,Commercial Advisory,Closed,2025-05-16,2025-09-11,,Lawyer-17,3753.78,False,
MAT00316,CLI0101,LOC01,Wills & Estates,Open,2025-10-17,,,Lawyer-12,1034.69,False,
MAT00317,CLI0105,LOC04,Conveyancing,Closed,2025-05-06,2025-08-14,,Lawyer-01,2885.69,True,Accountant Partners
MAT00318,CLI0018,LOC04,Conveyancing,Closed,2024-09-03,2024-11-15,,Lawyer-20,3587.02,False,
MAT00319,CLI0072,LOC05,Conveyancing,Open,2025-03-14,,,Lawyer-23,2399.81,False,
MAT00320,CLI0179,LOC02,Wills & Estates,Closed,2025-01-11,2025-09-19,,Lawyer-14,27857.97,False,
MAT00321,CLI0109,LOC01,Family Law,Closed,2024-01-12,2024-03-30,,Lawyer-20,4900.59,True,Accountant Partners
MAT00322,CLI0174,LOC03,Commercial Litigation,Closed,2024-12-21,2025-07-21,CSL04,Lawyer-02,2888.26,False,
MAT00323,CLI0174,LOC03,Commercial Litigation,Open,2025-11-09,,CSL03,Lawyer-03,754.99,False,
MAT00324,CLI0044,LOC02,Commercial Litigation,Closed,2025-03-26,2025-11-05,CSL07,Lawyer-22,16251.7,False,
MAT00325,CLI0220,LOC02,Wills & Estates,Closed,2024-01-22,2024-03-17,,Lawyer-19,4119.91,False,
MAT00326,CLI0111,LOC04,Conveyancing,Closed,2025-05-23,2025-07-10,,Lawyer-10,3203.94,False,
MAT00327,CLI0186,LOC01,Wills & Estates,Closed,2024-01-12,2024-07-25,,Lawyer-21,4475.08,False,
MAT00328,CLI0048,LOC03,Commercial Advisory,Closed,2025-10-12,2025-12-08,,Lawyer-08,29844.15,True,Financial Planner Network
MAT00329,CLI0143,LOC03,Conveyancing,Closed,2024-09-03,2024-09-14,,Lawyer-06,15266.72,False,
MAT00330,CLI0023,LOC03,Commercial Litigation,Closed,2024-04-26,2025-04-04,,Lawyer-20,2482.54,True,Existing Client Referral
MAT00331,CLI0139,LOC01,Conveyancing,Open,2025-10-01,,,Lawyer-11,8368.39,False,
MAT00332,CLI0064,LOC05,Commercial Litigation,Open,2025-08-08,,CSL08,Lawyer-19,4102.28,True,Real Estate Alliance
MAT00333,CLI0024,LOC02,Conveyancing,Open,2025-03-05,,,Lawyer-17,4927.51,False,
MAT00334,CLI0126,LOC05,Commercial Advisory,Closed,2025-01-04,2025-07-25,,Lawyer-04,11563.53,True,Real Estate Alliance
MAT00335,CLI0169,LOC01,Insolvency,Closed,2025-01-25,2025-12-21,,Lawyer-09,15066.24,False,
MAT00336,CLI0205,LOC05,Family Law,Closed,2024-06-08,2024-08-15,,Lawyer-11,8286.84,False,
MAT00337,CLI0101,LOC01,Conveyancing,Open,2025-11-26,,,Lawyer-21,5085.27,False,
MAT00338,CLI0064,LOC05,Family Law,Closed,2025-09-13,2025-12-04,,Lawyer-11,18678.12,True,Accountant Partners
MAT00339,CLI0218,LOC01,Wills & Estates,Closed,2024-05-18,2025-04-15,,Lawyer-19,13291.97,False,
MAT00340,CLI0185,LOC03,Insolvency,Closed,2024-08-25,2025-06-15,,Lawyer-02,8290.31,False,
MAT00341,CLI0079,LOC03,Commercial Advisory,Open,2025-11-26,,,Lawyer-19,16549.24,False,
MAT00342,CLI0194,LOC02,Commercial Litigation,Closed,2024-10-13,2025-05-31,CSL04,Lawyer-22,6530.48,False,
MAT00343,CLI0091,LOC01,Conveyancing,Closed,2024-05-08,2024-11-25,,Lawyer-16,1639.6,False,
MAT00344,CLI0003,LOC04,Family Law,Closed,2024-02-19,2024-06-25,,Lawyer-16,1021.34,False,
MAT00345,CLI0042,LOC01,Family Law,Closed,2024-06-07,2024-12-29,,Lawyer-18,2933.35,False,
MAT00346,CLI0029,LOC02,Commercial Advisory,Open,2025-06-05,,,Lawyer-22,3304.95,True,Existing Client Referral
MAT00347,CLI0080,LOC02,Wills & Estates,Closed,2024-07-18,2024-12-15,,Lawyer-06,5890.76,True,Mortgage Broker Co
MAT00348,CLI0211,LOC01,Commercial Litigation,Written off,2025-10-26,2025-11-28,,Lawyer-22,16101.74,True,Real Estate Alliance
MAT00349,CLI0156,LOC03,Commercial Litigation,Closed,2024-01-23,2025-02-01,CSL09,Lawyer-19,2295.82,False,
MAT00350,CLI0080,LOC02,Family Law,Open,2025-07-22,,,Lawyer-23,3421.13,True,Real Estate Alliance
MAT00351,CLI0020,LOC02,Employment,Closed,2025-03-25,2025-05-02,CSL03,Lawyer-25,5331.37,False,
MAT00352,CLI0118,LOC01,Employment,Closed,2024-06-07,2024-11-21,CSL01,Lawyer-07,2892.64,False,
MAT00353,CLI0137,LOC03,Conveyancing,Closed,2024-09-05,2024-12-23,,Lawyer-19,3791.08,True,Real Estate Alliance
MAT00354,CLI0024,LOC02,Conveyancing,Open,2025-09-17,,,Lawyer-08,19779.08,False,
MAT00355,CLI0178,LOC05,Conveyancing,Closed,2025-02-19,2025-08-27,,Lawyer-07,8585.19,False,
MAT00356,CLI0218,LOC01,Conveyancing,Closed,2025-05-09,2025-09-13,,Lawyer-22,13307.34,False,
MAT00357,CLI0040,LOC03,Commercial Advisory,Closed,2024-05-03,2024-08-01,,Lawyer-25,17294.75,False,
MAT00358,CLI0088,LOC03,Wills & Estates,Closed,2024-01-24,2024-08-28,,Lawyer-21,3908.29,False,
MAT00359,CLI0046,LOC03,Insolvency,Closed,2024-12-22,2025-09-30,CSL05,Lawyer-17,11748.6,False,
MAT00360,CLI0127,LOC03,Commercial Litigation,Written off,2024-01-19,2024-02-26,CSL01,Lawyer-17,413.49,False,
MAT00361,CLI0111,LOC04,Conveyancing,Closed,2024-07-28,2025-06-14,,Lawyer-06,1946.55,True,Existing Client Referral
MAT00362,CLI0120,LOC04,Wills & Estates,Closed,2025-01-23,2025-08-21,,Lawyer-12,2043.81,True,Mortgage Broker Co
MAT00363,CLI0124,LOC05,Wills & Estates,Closed,2024-06-03,2024-10-28,,Lawyer-06,3890.76,False,
MAT00364,CLI0136,LOC04,Insolvency,Closed,2025-04-25,2025-10-29,CSL04,Lawyer-06,25711.06,False,
MAT00365,CLI0124,LOC05,Family Law,Open,2025-11-22,,,Lawyer-16,2321.62,False,
MAT00366,CLI0207,LOC05,Commercial Advisory,Closed,2024-08-23,2025-09-26,,Lawyer-12,2569.92,True,Real Estate Alliance
MAT00367,CLI0100,LOC01,Conveyancing,Closed,2025-03-23,2025-08-08,,Lawyer-23,4674.61,True,Mortgage Broker Co
MAT00368,CLI0108,LOC04,Insolvency,Closed,2024-05-25,2025-03-01,CSL05,Lawyer-14,14344.31,True,Accountant Partners
MAT00369,CLI0045,LOC02,Insolvency,Closed,2024-10-31,2025-08-30,CSL03,Lawyer-25,3360.46,False,
MAT00370,CLI0134,LOC03,Family Law,Open,2025-11-17,,,Lawyer-06,1054.46,False,
MAT00371,CLI0070,LOC02,Conveyancing,Open,2025-08-25,,,Lawyer-06,9127.41,False,
MAT00372,CLI0056,LOC05,Wills & Estates,Open,2025-08-01,,,Lawyer-17,58178.24,True,Existing Client Referral
MAT00373,CLI0042,LOC01,Commercial Advisory,Closed,2024-02-01,2024-07-08,,Lawyer-11,2996.01,True,Accountant Partners
MAT00374,CLI0162,LOC03,Conveyancing,Closed,2025-02-15,2025-10-12,,Lawyer-02,5162.64,False,
MAT00375,CLI0119,LOC04,Commercial Litigation,Closed,2024-08-06,2025-06-29,,Lawyer-12,14622.75,False,
MAT00376,CLI0010,LOC03,Wills & Estates,Closed,2025-04-07,2025-04-19,,Lawyer-12,9099.97,False,
MAT00377,CLI0165,LOC03,Conveyancing,Closed,2024-10-17,2025-04-06,,Lawyer-17,2515.0,False,
MAT00378,CLI0126,LOC05,Conveyancing,Closed,2025-01-24,2025-11-22,,Lawyer-16,1574.29,True,Financial Planner Network
MAT00379,CLI0037,LOC03,Conveyancing,Closed,2024-05-31,2024-08-05,,Lawyer-11,3355.21,True,Mortgage Broker Co
MAT00380,CLI0142,LOC01,Family Law,Closed,2024-03-06,2024-07-14,,Lawyer-09,7108.36,True,Real Estate Alliance
MAT00381,CLI0186,LOC01,Conveyancing,Open,2025-10-20,,,Lawyer-04,28507.87,True,Real Estate Alliance
MAT00382,CLI0140,LOC04,Family Law,Closed,2025-03-08,2025-10-16,,Lawyer-25,13009.67,False,
MAT00383,CLI0013,LOC03,Wills & Estates,Closed,2025-01-28,2025-07-20,,Lawyer-08,15941.89,False,
MAT00384,CLI0014,LOC01,Commercial Litigation,Written off,2024-04-14,2025-01-09,CSL07,Lawyer-10,2120.2,False,
MAT00385,CLI0182,LOC01,Conveyancing,Closed,2025-02-01,2025-08-31,,Lawyer-14,4723.87,False,
MAT00386,CLI0138,LOC01,Conveyancing,Closed,2024-06-27,2025-06-05,,Lawyer-20,5141.42,False,
MAT00387,CLI0144,LOC01,Conveyancing,Open,2025-11-30,,,Lawyer-17,1448.41,True,Accountant Partners
MAT00388,CLI0182,LOC01,Family Law,Closed,2025-04-23,2025-11-04,,Lawyer-10,8596.62,False,
MAT00389,CLI0068,LOC04,Family Law,Open,2025-05-17,,,Lawyer-20,2952.0,False,
MAT00390,CLI0201,LOC05,Conveyancing,Closed,2024-11-26,2025-11-27,,Lawyer-07,1652.47,False,
MAT00391,CLI0058,LOC01,Commercial Advisory,Open,2025-11-24,,,Lawyer-19,12141.92,True,Real Estate Alliance
MAT00392,CLI0203,LOC01,Commercial Advisory,Closed,2024-01-15,2025-02-01,,Lawyer-03,6170.23,True,Existing Client Referral
MAT00393,CLI0150,LOC03,Insolvency,Open,2025-07-10,,CSL07,Lawyer-04,2990.34,True,Existing Client Referral
MAT00394,CLI0165,LOC03,Conveyancing,Open,2025-11-09,,,Lawyer-15,2498.59,True,Accountant Partners
MAT00395,CLI0208,LOC02,Commercial Litigation,Closed,2024-08-12,2024-10-22,CSL06,Lawyer-07,15189.05,False,
MAT00396,CLI0052,LOC02,Family Law,Closed,2024-03-30,2024-09-12,,Lawyer-21,29706.81,False,
MAT00397,CLI0119,LOC04,Insolvency,Closed,2024-05-02,2025-01-06,CSL08,Lawyer-16,2169.42,True,Real Estate Alliance
MAT00398,CLI0042,LOC01,Family Law,Closed,2024-02-12,2025-02-19,,Lawyer-05,2955.37,False,
MAT00399,CLI0187,LOC01,Commercial Litigation,Open,2025-10-01,,,Lawyer-21,2775.25,False,
MAT00400,CLI0112,LOC04,Employment,Open,2025-04-03,,,Lawyer-03,461.47,False,
MAT00401,CLI0067,LOC03,Wills & Estates,Closed,2024-02-18,2024-03-31,,Lawyer-14,16960.53,False,
MAT00402,CLI0193,LOC01,Wills & Estates,Closed,2024-03-18,2024-07-06,,Lawyer-08,22926.36,False,
MAT00403,CLI0030,LOC05,Conveyancing,Open,2025-09-05,,,Lawyer-07,10714.74,False,
MAT00404,CLI0127,LOC03,Conveyancing,Closed,2024-03-05,2024-08-17,,Lawyer-10,2172.63,False,
MAT00405,CLI0009,LOC01,Commercial Litigation,Closed,2024-10-17,2024-12-21,,Lawyer-17,7143.74,False,
MAT00406,CLI0204,LOC02,Conveyancing,Closed,2024-09-21,2025-02-23,,Lawyer-07,2941.12,False,
MAT00407,CLI0005,LOC04,Family Law,Closed,2025-09-30,2025-10-11,,Lawyer-23,3211.12,False,
MAT00408,CLI0169,LOC01,Commercial Advisory,Closed,2024-09-22,2025-03-24,,Lawyer-12,2681.6,False,
MAT00409,CLI0186,LOC01,Wills & Estates,Open,2025-04-21,,,Lawyer-06,21822.76,True,Financial Planner Network
MAT00410,CLI0190,LOC01,Wills & Estates,Closed,2024-01-18,2024-11-28,,Lawyer-12,6564.83,False,
MAT00411,CLI0127,LOC03,Conveyancing,Closed,2025-03-08,2025-09-30,,Lawyer-07,23497.78,False,
MAT00412,CLI0078,LOC03,Insolvency,Closed,2024-08-11,2025-01-13,CSL07,Lawyer-05,11356.01,False,
MAT00413,CLI0037,LOC03,Conveyancing,Open,2025-01-06,,,Lawyer-14,1348.77,False,
MAT00414,CLI0181,LOC01,Insolvency,Open,2025-05-21,,,Lawyer-09,4258.38,False,
MAT00415,CLI0027,LOC01,Conveyancing,Closed,2024-06-06,2024-07-30,,Lawyer-21,13207.27,False,
MAT00416,CLI0031,LOC01,Conveyancing,Closed,2025-06-16,2025-12-24,,Lawyer-12,862.42,False,
MAT00417,CLI0218,LOC01,Employment,Closed,2024-03-31,2024-10-08,CSL04,Lawyer-10,3326.82,True,Financial Planner Network
MAT00418,CLI0064,LOC05,Conveyancing,Closed,2025-10-29,2025-11-29,,Lawyer-24,9087.66,False,
MAT00419,CLI0040,LOC03,Commercial Litigation,Open,2025-05-12,,CSL01,Lawyer-24,4982.59,False,
MAT00420,CLI0016,LOC03,Wills & Estates,Closed,2025-02-20,2025-11-13,,Lawyer-04,3487.63,False,
MAT00421,CLI0154,LOC02,Conveyancing,Closed,2024-04-21,2025-05-25,,Lawyer-07,12089.41,False,
MAT00422,CLI0156,LOC03,Commercial Litigation,Closed,2024-02-13,2024-05-07,CSL03,Lawyer-04,1949.85,False,
MAT00423,CLI0181,LOC01,Commercial Litigation,Closed,2024-06-12,2025-06-08,CSL03,Lawyer-19,50243.08,False,
MAT00424,CLI0214,LOC04,Conveyancing,Closed,2024-02-19,2024-12-27,,Lawyer-15,35208.41,False,
MAT00425,CLI0067,LOC03,Conveyancing,Closed,2024-05-01,2024-08-24,,Lawyer-21,10868.55,False,
MAT00426,CLI0075,LOC05,Commercial Advisory,Closed,2024-07-26,2024-10-15,,Lawyer-08,13949.89,False,
MAT00427,CLI0161,LOC03,Conveyancing,Closed,2024-09-04,2025-03-21,,Lawyer-09,3555.53,True,Real Estate Alliance
MAT00428,CLI0137,LOC03,Employment,Closed,2024-08-06,2024-10-01,,Lawyer-25,2985.27,False,
MAT00429,CLI0101,LOC01,Conveyancing,Closed,2024-02-16,2024-05-09,,Lawyer-08,3008.4,False,
MAT00430,CLI0016,LOC03,Wills & Estates,Open,2025-11-21,,,Lawyer-25,3394.75,False,
MAT00431,CLI0121,LOC02,Insolvency,Closed,2025-05-31,2025-10-30,CSL07,Lawyer-24,1695.69,True,Financial Planner Network
MAT00432,CLI0192,LOC03,Conveyancing,Closed,2024-05-01,2025-06-01,,Lawyer-03,7034.36,False,
MAT00433,CLI0088,LOC03,Commercial Litigation,Closed,2024-07-22,2024-10-16,,Lawyer-06,6418.64,False,
MAT00434,CLI0200,LOC02,Family Law,Closed,2025-03-29,2025-11-19,,Lawyer-03,5226.96,False,
MAT00435,CLI0166,LOC04,Insolvency,Open,2025-07-22,,,Lawyer-22,5691.04,False,
MAT00436,CLI0164,LOC04,Conveyancing,Closed,2024-10-18,2025-01-18,,Lawyer-03,14173.32,False,
MAT00437,CLI0148,LOC01,Commercial Advisory,Open,2025-11-13,,,Lawyer-22,2662.13,True,Existing Client Referral
MAT00438,CLI0138,LOC01,Conveyancing,Closed,2025-07-26,2025-11-22,,Lawyer-14,4902.38,True,Financial Planner Network
MAT00439,CLI0072,LOC05,Wills & Estates,Closed,2024-05-11,2024-07-14,,Lawyer-12,4814.44,False,
MAT00440,CLI0134,LOC03,Family Law,Closed,2024-05-16,2024-07-30,,Lawyer-11,1463.69,False,
MAT00441,CLI0139,LOC01,Conveyancing,Written off,2024-01-11,2024-03-12,,Lawyer-07,3040.04,True,Accountant Partners
MAT00442,CLI0052,LOC02,Insolvency,Open,2025-10-24,,,Lawyer-04,14154.51,True,Mortgage Broker Co
MAT00443,CLI0200,LOC02,Commercial Litigation,Closed,2024-07-16,2025-06-03,CSL02,Lawyer-25,6370.34,False,
MAT00444,CLI0009,LOC01,Family Law,Closed,2025-04-17,2025-05-11,,Lawyer-21,9031.06,True,Accountant Partners
MAT00445,CLI0008,LOC02,Conveyancing,Closed,2024-01-04,2024-02-13,,Lawyer-01,1594.24,True,Real Estate Alliance
MAT00446,CLI0043,LOC04,Conveyancing,Closed,2024-12-15,2025-03-08,,Lawyer-09,14082.63,False,
MAT00447,CLI0100,LOC01,Family Law,Closed,2024-04-08,2024-06-24,,Lawyer-17,3241.19,False,
MAT00448,CLI0038,LOC02,Family Law,Closed,2024-10-18,2025-05-24,,Lawyer-16,8364.25,True,Existing Client Referral
MAT00449,CLI0200,LOC02,Conveyancing,Closed,2024-03-12,2024-04-27,,Lawyer-01,10236.69,False,
MAT00450,CLI0160,LOC03,Conveyancing,Closed,2025-03-15,2025-05-15,,Lawyer-11,16113.88,False,
MAT00451,CLI0055,LOC01,Family Law,Written off,2024-06-15,2024-12-31,,Lawyer-24,1033.07,False,
MAT00452,CLI0118,LOC01,Conveyancing,Closed,2024-12-13,2025-02-13,,Lawyer-24,9452.43,True,Financial Planner Network
MAT00453,CLI0056,LOC05,Conveyancing,Closed,2024-02-13,2024-08-24,,Lawyer-15,3511.3,False,
MAT00454,CLI0038,LOC02,Family Law,Open,2025-07-04,,,Lawyer-13,1926.7,True,Mortgage Broker Co
MAT00455,CLI0104,LOC02,Conveyancing,Closed,2024-03-08,2024-04-20,,Lawyer-25,7355.92,True,Real Estate Alliance
MAT00456,CLI0124,LOC05,Commercial Advisory,Closed,2025-01-20,2025-09-22,,Lawyer-03,5217.33,False,
MAT00457,CLI0011,LOC03,Conveyancing,Closed,2025-08-17,2025-09-22,,Lawyer-24,3032.94,True,Real Estate Alliance
MAT00458,CLI0104,LOC02,Commercial Litigation,Closed,2024-09-13,2025-01-31,CSL06,Lawyer-05,3493.24,False,
MAT00459,CLI0094,LOC01,Conveyancing,Closed,2024-08-26,2024-11-18,,Lawyer-03,2600.22,False,
MAT00460,CLI0174,LOC03,Family Law,Open,2025-09-09,,,Lawyer-23,967.65,False,
MAT00461,CLI0109,LOC01,Conveyancing,Closed,2024-01-24,2024-02-12,,Lawyer-09,3790.5,False,
MAT00462,CLI0031,LOC01,Family Law,Closed,2025-01-29,2025-10-30,,Lawyer-05,13469.59,False,
MAT00463,CLI0149,LOC05,Family Law,Closed,2024-08-30,2024-10-27,,Lawyer-08,4467.44,False,
MAT00464,CLI0122,LOC01,Conveyancing,Closed,2024-09-17,2025-03-18,,Lawyer-22,8086.89,True,Financial Planner Network
MAT00465,CLI0126,LOC05,Family Law,Closed,2025-05-23,2025-11-14,,Lawyer-14,12650.83,False,
MAT00466,CLI0185,LOC03,Commercial Litigation,Closed,2024-11-14,2025-01-17,,Lawyer-22,2190.6,True,Financial Planner Network
MAT00467,CLI0036,LOC03,Employment,Closed,2025-01-19,2025-08-20,CSL05,Lawyer-07,4695.93,False,
MAT00468,CLI0210,LOC04,Wills & Estates,Open,2025-11-12,,,Lawyer-24,1279.68,True,Mortgage Broker Co
MAT00469,CLI0162,LOC03,Wills & Estates,Open,2025-04-29,,,Lawyer-02,7012.96,False,
MAT00470,CLI0217,LOC01,Insolvency,Closed,2024-02-04,2025-01-21,CSL04,Lawyer-07,995.24,False,
MAT00471,CLI0182,LOC01,Wills & Estates,Open,2025-11-29,,,Lawyer-14,8426.97,False,
MAT00472,CLI0017,LOC03,Conveyancing,Closed,2024-02-08,2024-08-05,,Lawyer-16,24804.93,True,Accountant Partners
MAT00473,CLI0217,LOC01,Commercial Litigation,Closed,2025-08-25,2025-12-19,CSL07,Lawyer-17,5758.59,False,
MAT00474,CLI0026,LOC02,Insolvency,Closed,2024-03-01,2024-08-24,,Lawyer-21,3104.74,False,
MAT00475,CLI0057,LOC04,Family Law,Open,2025-11-24,,,Lawyer-12,711.02,False,
MAT00476,CLI0107,LOC03,Conveyancing,Closed,2024-01-05,2024-11-07,,Lawyer-05,5580.35,False,
MAT00477,CLI0193,LOC01,Commercial Litigation,Closed,2024-01-15,2024-10-15,CSL10,Lawyer-21,3211.53,False,
MAT00478,CLI0070,LOC02,Conveyancing,Written off,2024-01-22,2024-02-14,,Lawyer-08,4228.97,False,
MAT00479,CLI0053,LOC01,Conveyancing,Closed,2025-10-18,2025-11-27,,Lawyer-20,5084.08,False,
MAT00480,CLI0185,LOC03,Commercial Litigation,Open,2025-05-26,,,Lawyer-10,2066.62,False,
MAT00481,CLI0065,LOC01,Employment,Closed,2024-07-29,2025-06-22,,Lawyer-11,2407.9,False,
MAT00482,CLI0090,LOC04,Commercial Litigation,Open,2025-07-18,,,Lawyer-08,2859.09,False,
MAT00483,CLI0043,LOC04,Wills & Estates,Closed,2025-01-30,2025-03-12,,Lawyer-21,24440.8,False,
MAT00484,CLI0118,LOC01,Conveyancing,Closed,2025-03-08,2025-09-28,,Lawyer-24,879.89,True,Financial Planner Network
MAT00485,CLI0134,LOC03,Conveyancing,Closed,2025-02-04,2025-12-29,,Lawyer-09,12707.84,False,
MAT00486,CLI0151,LOC05,Commercial Litigation,Closed,2024-10-01,2025-10-24,,Lawyer-15,2251.62,False,
MAT00487,CLI0061,LOC01,Family Law,Closed,2024-10-27,2025-09-17,,Lawyer-13,11083.99,True,Financial Planner Network
MAT00488,CLI0069,LOC01,Employment,Closed,2024-06-20,2025-07-13,,Lawyer-22,3022.27,False,
MAT00489,CLI0133,LOC01,Commercial Advisory,Closed,2024-04-30,2024-12-01,,Lawyer-14,5663.87,True,Existing Client Referral
MAT00490,CLI0075,LOC05,Commercial Litigation,Closed,2024-12-20,2025-09-20,,Lawyer-03,3346.03,False,
MAT00491,CLI0027,LOC01,Conveyancing,Closed,2024-01-19,2024-07-31,,Lawyer-08,20244.11,False,
MAT00492,CLI0008,LOC02,Family Law,Open,2025-07-10,,,Lawyer-04,4424.94,False,
MAT00493,CLI0050,LOC04,Family Law,Open,2025-01-13,,,Lawyer-04,1567.05,True,Accountant Partners
MAT00494,CLI0078,LOC03,Family Law,Open,2025-11-13,,,Lawyer-07,19515.58,True,Financial Planner Network
MAT00495,CLI0154,LOC02,Family Law,Closed,2024-07-16,2024-12-07,,Lawyer-01,1672.06,True,Existing Client Referral
MAT00496,CLI0188,LOC04,Insolvency,Closed,2024-12-24,2025-09-02,,Lawyer-02,12093.36,False,
MAT00497,CLI0183,LOC03,Employment,Open,2025-09-25,,,Lawyer-21,10505.12,False,
MAT00498,CLI0031,LOC01,Commercial Litigation,Closed,2024-05-05,2025-03-08,CSL09,Lawyer-12,6750.06,False,
MAT00499,CLI0087,LOC01,Commercial Advisory,Closed,2024-10-22,2025-02-09,,Lawyer-02,9276.33,True,Existing Client Referral
MAT00500,CLI0206,LOC01,Commercial Litigation,Closed,2025-02-16,2025-12-04,,Lawyer-03,4614.19,False,
MAT00501,CLI0172,LOC02,Commercial Litigation,Closed,2024-12-04,2025-06-05,,Lawyer-21,3093.13,True,Real Estate Alliance
MAT00502,CLI0214,LOC04,Insolvency,Open,2025-11-29,,,Lawyer-23,8117.8,False,
MAT00503,CLI0204,LOC02,Conveyancing,Closed,2024-01-03,2024-07-26,,Lawyer-20,4100.89,False,
MAT00504,CLI0055,LOC01,Conveyancing,Closed,2024-01-03,2024-09-07,,Lawyer-05,1650.4,False,
MAT00505,CLI0001,LOC03,Family Law,Closed,2024-01-11,2025-01-02,,Lawyer-12,7455.73,False,
MAT00506,CLI0073,LOC03,Commercial Litigation,Closed,2024-09-12,2025-01-10,CSL10,Lawyer-04,6369.93,False,
MAT00507,CLI0214,LOC04,Family Law,Open,2025-08-07,,,Lawyer-23,4273.73,False,
MAT00508,CLI0028,LOC02,Conveyancing,Written off,2024-05-21,2024-07-11,,Lawyer-20,2783.85,False,
MAT00509,CLI0048,LOC03,Conveyancing,Closed,2024-10-17,2025-06-05,,Lawyer-21,4326.65,False,
MAT00510,CLI0150,LOC03,Conveyancing,Closed,2025-05-14,2025-06-04,,Lawyer-11,6015.13,True,Mortgage Broker Co
MAT00511,CLI0131,LOC04,Commercial Litigation,Closed,2024-06-14,2024-11-22,,Lawyer-24,8446.83,True,Accountant Partners
MAT00512,CLI0071,LOC03,Conveyancing,Closed,2025-06-17,2025-10-28,,Lawyer-23,5216.03,True,Real Estate Alliance
MAT00513,CLI0026,LOC02,Conveyancing,Closed,2024-06-03,2024-09-03,,Lawyer-07,1629.8,False,
MAT00514,CLI0199,LOC04,Commercial Litigation,Closed,2025-04-20,2025-09-09,CSL03,Lawyer-23,2161.84,False,
MAT00515,CLI0108,LOC04,Commercial Litigation,Closed,2024-09-08,2024-10-02,,Lawyer-09,27471.15,False,
MAT00516,CLI0027,LOC01,Conveyancing,Closed,2025-09-06,2025-10-06,,Lawyer-25,1099.43,True,Real Estate Alliance
MAT00517,CLI0048,LOC03,Conveyancing,Closed,2025-06-16,2025-08-01,,Lawyer-16,5785.57,False,
MAT00518,CLI0053,LOC01,Conveyancing,Closed,2025-03-06,2025-06-16,,Lawyer-16,5244.74,False,
MAT00519,CLI0059,LOC02,Commercial Litigation,Closed,2024-07-17,2024-11-20,CSL01,Lawyer-11,1025.1,False,
MAT00520,CLI0023,LOC03,Family Law,Open,2025-11-21,,,Lawyer-03,4277.03,True,Mortgage Broker Co
MAT00521,CLI0036,LOC03,Wills & Estates,Open,2025-07-24,,,Lawyer-18,5128.23,False,
MAT00522,CLI0113,LOC03,Employment,Open,2025-08-30,,,Lawyer-19,9582.75,False,
MAT00523,CLI0008,LOC02,Commercial Advisory,Open,2025-07-21,,,Lawyer-05,4654.99,False,
MAT00524,CLI0015,LOC03,Commercial Advisory,Closed,2025-03-22,2025-05-28,,Lawyer-11,1617.35,False,
MAT00525,CLI0170,LOC04,Conveyancing,Closed,2025-01-29,2025-11-11,,Lawyer-06,1437.16,False,
MAT00526,CLI0155,LOC01,Family Law,Open,2025-09-26,,,Lawyer-05,5690.12,False,
MAT00527,CLI0113,LOC03,Wills & Estates,Open,2025-11-02,,,Lawyer-17,9518.21,False,
MAT00528,CLI0195,LOC01,Commercial Advisory,Closed,2024-05-27,2025-04-15,,Lawyer-13,5452.76,False,
MAT00529,CLI0081,LOC02,Insolvency,Closed,2025-06-18,2025-10-26,CSL08,Lawyer-13,5478.56,False,
MAT00530,CLI0045,LOC02,Family Law,Closed,2024-09-17,2025-02-08,,Lawyer-01,9049.4,True,Financial Planner Network
MAT00531,CLI0075,LOC05,Employment,Closed,2024-11-29,2025-04-15,CSL09,Lawyer-02,5835.44,False,
MAT00532,CLI0005,LOC04,Commercial Litigation,Closed,2024-06-04,2025-02-27,,Lawyer-11,1823.57,False,
MAT00533,CLI0056,LOC05,Commercial Advisory,Closed,2025-04-21,2025-09-16,,Lawyer-13,5028.88,True,Mortgage Broker Co
MAT00534,CLI0030,LOC05,Conveyancing,Open,2025-11-04,,,Lawyer-21,2894.81,False,
MAT00535,CLI0203,LOC01,Family Law,Open,2025-04-26,,,Lawyer-14,2434.81,False,
MAT00536,CLI0057,LOC04,Wills & Estates,Closed,2024-03-30,2024-04-14,,Lawyer-06,4625.25,True,Mortgage Broker Co
MAT00537,CLI0212,LOC04,Wills & Estates,Closed,2025-01-28,2025-09-07,,Lawyer-17,4758.24,False,
MAT00538,CLI0189,LOC05,Conveyancing,Closed,2024-07-10,2024-10-08,,Lawyer-07,8182.63,True,Mortgage Broker Co
MAT00539,CLI0046,LOC03,Wills & Estates,Open,2025-07-05,,,Lawyer-07,12333.88,False,
MAT00540,CLI0146,LOC03,Conveyancing,Open,2025-07-12,,,Lawyer-15,9596.35,True,Accountant Partners
MAT00541,CLI0181,LOC01,Commercial Litigation,Closed,2024-09-30,2024-11-09,,Lawyer-07,5790.04,False,
MAT00542,CLI0174,LOC03,Family Law,Closed,2025-01-25,2025-02-16,,Lawyer-08,1301.48,False,
MAT00543,CLI0034,LOC01,Insolvency,Closed,2024-07-08,2025-03-22,,Lawyer-16,1211.87,False,
MAT00544,CLI0009,LOC01,Commercial Litigation,Closed,2024-02-25,2024-08-24,CSL08,Lawyer-20,10742.89,True,Financial Planner Network
MAT00545,CLI0058,LOC01,Wills & Estates,Written off,2025-03-25,2025-05-01,,Lawyer-16,1729.06,False,
MAT00546,CLI0103,LOC01,Wills & Estates,Closed,2024-12-26,2025-04-07,,Lawyer-13,9239.92,False,
MAT00547,CLI0086,LOC01,Commercial Litigation,Closed,2024-07-13,2025-01-11,,Lawyer-16,10672.03,False,
MAT00548,CLI0102,LOC01,Conveyancing,Closed,2024-01-12,2024-07-23,,Lawyer-01,2338.61,False,
MAT00549,CLI0109,LOC01,Commercial Litigation,Closed,2024-08-28,2024-12-24,,Lawyer-15,1025.38,False,
MAT00550,CLI0169,LOC01,Conveyancing,Closed,2024-04-24,2024-06-16,,Lawyer-17,5644.07,False,
MAT00551,CLI0089,LOC01,Employment,Closed,2024-10-15,2024-12-20,,Lawyer-01,10404.37,False,
MAT00552,CLI0046,LOC03,Family Law,Closed,2024-07-17,2025-08-11,,Lawyer-03,11559.71,False,
MAT00553,CLI0010,LOC03,Conveyancing,Open,2025-08-17,,,Lawyer-04,4453.34,False,
MAT00554,CLI0119,LOC04,Family Law,Open,2025-08-10,,,Lawyer-19,6267.84,False,
MAT00555,CLI0081,LOC02,Conveyancing,Closed,2024-08-05,2025-03-15,,Lawyer-05,3380.68,False,
MAT00556,CLI0003,LOC04,Family Law,Closed,2024-03-14,2024-08-17,,Lawyer-12,6406.11,False,
MAT00557,CLI0042,LOC01,Commercial Advisory,Closed,2025-09-08,2025-11-18,,Lawyer-13,5128.77,False,
MAT00558,CLI0210,LOC04,Commercial Litigation,Closed,2024-05-04,2024-09-09,CSL04,Lawyer-17,1972.98,False,
MAT00559,CLI0050,LOC04,Insolvency,Closed,2024-05-02,2024-09-23,CSL04,Lawyer-15,9139.3,False,
MAT00560,CLI0040,LOC03,Conveyancing,Closed,2024-03-07,2025-03-06,,Lawyer-06,7089.92,False,
MAT00561,CLI0113,LOC03,Family Law,Closed,2024-12-23,2025-01-29,,Lawyer-07,63930.62,False,
MAT00562,CLI0212,LOC04,Conveyancing,Closed,2024-09-08,2024-10-16,,Lawyer-09,3969.79,True,Existing Client Referral
MAT00563,CLI0073,LOC03,Insolvency,Closed,2024-08-13,2024-11-12,,Lawyer-03,1820.38,True,Real Estate Alliance
MAT00564,CLI0039,LOC01,Employment,Open,2025-06-09,,CSL01,Lawyer-15,7908.03,False,
MAT00565,CLI0128,LOC03,Conveyancing,Closed,2024-02-10,2024-07-23,,Lawyer-04,3494.26,True,Existing Client Referral
MAT00566,CLI0190,LOC01,Commercial Litigation,Closed,2024-08-23,2024-10-07,CSL02,Lawyer-11,1683.04,True,Real Estate Alliance
MAT00567,CLI0201,LOC05,Family Law,Closed,2024-04-11,2025-01-25,,Lawyer-05,2751.55,True,Existing Client Referral
MAT00568,CLI0062,LOC01,Family Law,Closed,2024-04-07,2025-04-29,,Lawyer-17,1819.01,False,
MAT00569,CLI0076,LOC04,Conveyancing,Closed,2024-01-07,2024-06-10,,Lawyer-04,1585.55,True,Real Estate Alliance
MAT00570,CLI0187,LOC01,Employment,Open,2025-09-08,,CSL08,Lawyer-03,1380.11,False,
MAT00571,CLI0219,LOC04,Conveyancing,Closed,2025-04-13,2025-05-30,,Lawyer-04,2129.11,False,
MAT00572,CLI0063,LOC01,Commercial Litigation,Closed,2024-05-06,2025-05-19,CSL09,Lawyer-02,4360.33,True,Real Estate Alliance
MAT00573,CLI0046,LOC03,Conveyancing,Closed,2024-06-18,2025-02-21,,Lawyer-05,4086.68,True,Financial Planner Network
MAT00574,CLI0188,LOC04,Family Law,Closed,2024-06-26,2025-02-04,,Lawyer-25,1510.83,False,
MAT00575,CLI0120,LOC04,Conveyancing,Closed,2024-03-02,2025-03-29,,Lawyer-05,7451.56,False,
MAT00576,CLI0150,LOC03,Employment,Closed,2024-10-31,2025-07-22,CSL07,Lawyer-23,20586.85,False,
MAT00577,CLI0008,LOC02,Wills & Estates,Closed,2024-05-27,2025-01-04,,Lawyer-17,16536.83,False,
MAT00578,CLI0210,LOC04,Commercial Litigation,Closed,2024-08-07,2024-09-02,,Lawyer-21,2823.42,True,Existing Client Referral
MAT00579,CLI0203,LOC01,Conveyancing,Closed,2024-12-02,2025-08-26,,Lawyer-07,895.58,False,
MAT00580,CLI0080,LOC02,Employment,Closed,2024-05-06,2025-01-31,CSL07,Lawyer-21,8649.8,False,
MAT00581,CLI0145,LOC01,Employment,Closed,2024-03-24,2024-09-04,,Lawyer-19,2140.41,False,
MAT00582,CLI0040,LOC03,Conveyancing,Closed,2024-04-23,2024-06-24,,Lawyer-20,2976.48,False,
MAT00583,CLI0112,LOC04,Conveyancing,Closed,2025-06-22,2025-12-02,,Lawyer-25,7293.0,False,
MAT00584,CLI0200,LOC02,Commercial Litigation,Closed,2024-05-02,2024-10-29,CSL07,Lawyer-05,8070.18,False,
MAT00585,CLI0161,LOC03,Wills & Estates,Closed,2024-09-15,2024-11-05,,Lawyer-08,4128.09,False,
MAT00586,CLI0141,LOC03,Family Law,Closed,2024-04-17,2024-05-25,,Lawyer-19,3027.09,True,Existing Client Referral
MAT00587,CLI0127,LOC03,Conveyancing,Closed,2024-04-15,2024-07-19,,Lawyer-04,19669.19,False,
MAT00588,CLI0107,LOC03,Insolvency,Closed,2025-03-11,2025-09-08,,Lawyer-08,7520.9,False,
MAT00589,CLI0087,LOC01,Conveyancing,Open,2025-11-04,,,Lawyer-15,4906.24,False,
MAT00590,CLI0014,LOC01,Commercial Litigation,Open,2025-10-02,,,Lawyer-21,6475.9,False,
MAT00591,CLI0096,LOC04,Conveyancing,Open,2025-08-30,,,Lawyer-25,2279.55,False,
MAT00592,CLI0163,LOC02,Employment,Closed,2024-08-10,2025-03-21,CSL08,Lawyer-16,9214.48,False,
MAT00593,CLI0073,LOC03,Family Law,Closed,2024-04-16,2024-11-30,,Lawyer-20,5346.31,False,
MAT00594,CLI0025,LOC01,Commercial Litigation,Closed,2024-04-09,2024-11-04,CSL02,Lawyer-13,2283.88,False,
MAT00595,CLI0158,LOC01,Commercial Advisory,Closed,2025-03-20,2025-08-29,,Lawyer-02,12094.09,True,Accountant Partners
MAT00596,CLI0066,LOC03,Conveyancing,Closed,2024-02-11,2024-03-04,,Lawyer-02,11839.96,False,
MAT00597,CLI0093,LOC03,Family Law,Closed,2024-10-17,2025-08-02,,Lawyer-15,14145.59,False,
MAT00598,CLI0067,LOC03,Commercial Litigation,Closed,2024-06-10,2024-09-08,CSL06,Lawyer-22,4991.05,False,
MAT00599,CLI0015,LOC03,Conveyancing,Closed,2025-05-14,2025-05-31,,Lawyer-16,1818.53,False,
MAT00600,CLI0170,LOC04,Wills & Estates,Closed,2024-11-17,2025-03-24,,Lawyer-25,3432.42,False,
MAT00601,CLI0159,LOC02,Family Law,Open,2025-01-24,,,Lawyer-17,13678.37,False,
MAT00602,CLI0122,LOC01,Conveyancing,Open,2025-09-21,,,Lawyer-18,3651.22,False,
MAT00603,CLI0136,LOC04,Commercial Advisory,Closed,2025-04-01,2025-05-21,,Lawyer-24,8926.32,True,Real Estate Alliance
MAT00604,CLI0096,LOC04,Wills & Estates,Open,2025-11-27,,,Lawyer-23,4457.33,False,
MAT00605,CLI0124,LOC05,Conveyancing,Closed,2024-07-14,2024-08-30,,Lawyer-23,3957.98,True,Mortgage Broker Co
MAT00606,CLI0082,LOC03,Conveyancing,Closed,2025-07-18,2025-09-02,,Lawyer-16,8981.25,False,
MAT00607,CLI0039,LOC01,Conveyancing,Closed,2025-01-11,2025-07-15,,Lawyer-06,14976.67,False,
MAT00608,CLI0190,LOC01,Conveyancing,Closed,2024-09-06,2025-04-22,,Lawyer-15,10502.57,False,
MAT00609,CLI0202,LOC03,Employment,Closed,2024-06-28,2025-03-31,CSL08,Lawyer-09,4480.68,True,Real Estate Alliance
MAT00610,CLI0115,LOC02,Family Law,Open,2025-09-02,,,Lawyer-05,5093.98,False,
MAT00611,CLI0195,LOC01,Employment,Closed,2025-04-28,2025-05-20,,Lawyer-14,4762.35,True,Mortgage Broker Co
MAT00612,CLI0013,LOC03,Insolvency,Closed,2024-11-19,2025-06-26,,Lawyer-04,5912.88,False,
MAT00613,CLI0118,LOC01,Wills & Estates,Closed,2024-11-29,2025-05-22,,Lawyer-07,20111.89,True,Existing Client Referral
MAT00614,CLI0176,LOC01,Commercial Litigation,Closed,2025-07-14,2025-11-10,CSL02,Lawyer-17,8187.89,False,
MAT00615,CLI0199,LOC04,Family Law,Closed,2024-02-19,2024-09-11,,Lawyer-24,4433.7,False,
MAT00616,CLI0015,LOC03,Commercial Litigation,Closed,2024-12-23,2025-11-16,CSL04,Lawyer-11,9380.12,False,
MAT00617,CLI0040,LOC03,Wills & Estates,Open,2024-12-20,,,Lawyer-04,2071.82,False,
MAT00618,CLI0172,LOC02,Conveyancing,Open,2025-07-18,,,Lawyer-02,820.64,False,
MAT00619,CLI0119,LOC04,Commercial Litigation,Closed,2025-02-15,2025-11-25,CSL02,Lawyer-16,7676.36,True,Financial Planner Network
MAT00620,CLI0109,LOC01,Insolvency,Written off,2024-04-19,2025-05-22,,Lawyer-06,9123.97,True,Mortgage Broker Co
MAT00621,CLI0110,LOC05,Family Law,Closed,2024-02-22,2024-09-20,,Lawyer-21,865.43,False,
MAT00622,CLI0075,LOC05,Family Law,Closed,2024-07-28,2025-05-02,,Lawyer-05,18969.81,False,
MAT00623,CLI0061,LOC01,Conveyancing,Open,2025-11-29,,,Lawyer-04,14911.91,False,
MAT00624,CLI0112,LOC04,Insolvency,Closed,2024-01-10,2024-09-20,,Lawyer-20,5686.89,True,Financial Planner Network
MAT00625,CLI0027,LOC01,Family Law,Closed,2024-11-06,2025-11-15,,Lawyer-19,23404.32,False,
MAT00626,CLI0027,LOC01,Family Law,Closed,2024-10-04,2024-10-30,,Lawyer-16,7918.19,True,Accountant Partners
MAT00627,CLI0166,LOC04,Wills & Estates,Closed,2024-02-11,2024-07-17,,Lawyer-22,10241.29,True,Accountant Partners
MAT00628,CLI0155,LOC01,Family Law,Closed,2024-02-17,2024-03-08,,Lawyer-22,6657.49,True,Existing Client Referral
MAT00629,CLI0172,LOC02,Commercial Advisory,Closed,2024-12-23,2025-12-17,,Lawyer-04,2530.89,False,
MAT00630,CLI0049,LOC01,Wills & Estates,Closed,2024-08-28,2025-09-12,,Lawyer-19,8524.77,False,
MAT00631,CLI0145,LOC01,Conveyancing,Open,2024-12-29,,,Lawyer-02,3677.23,False,
MAT00632,CLI0021,LOC04,Insolvency,Written off,2024-06-16,2025-03-22,CSL07,Lawyer-13,21163.28,False,
MAT00633,CLI0071,LOC03,Family Law,Open,2025-10-13,,,Lawyer-25,2413.71,False,
MAT00634,CLI0050,LOC04,Family Law,Open,2025-06-05,,,Lawyer-15,2645.45,True,Mortgage Broker Co
MAT00635,CLI0056,LOC05,Conveyancing,Closed,2024-07-17,2025-01-01,,Lawyer-13,7747.61,False,
MAT00636,CLI0047,LOC04,Wills & Estates,Closed,2025-05-26,2025-08-20,,Lawyer-24,3864.33,True,Real Estate Alliance
MAT00637,CLI0112,LOC04,Conveyancing,Closed,2024-05-31,2024-12-10,,Lawyer-13,3754.44,False,
MAT00638,CLI0069,LOC01,Wills & Estates,Closed,2024-07-31,2024-10-06,,Lawyer-15,7882.99,False,
MAT00639,CLI0147,LOC01,Wills & Estates,Closed,2024-02-04,2024-07-03,,Lawyer-12,8151.67,True,Existing Client Referral
MAT00640,CLI0161,LOC03,Commercial Advisory,Open,2025-04-21,,,Lawyer-13,3644.47,False,
MAT00641,CLI0154,LOC02,Family Law,Closed,2024-01-14,2025-01-11,,Lawyer-15,5432.98,False,
MAT00642,CLI0067,LOC03,Conveyancing,Closed,2024-12-10,2025-05-13,,Lawyer-06,5620.03,False,
MAT00643,CLI0207,LOC05,Commercial Advisory,Closed,2024-04-15,2025-05-02,,Lawyer-14,5180.46,True,Accountant Partners
MAT00644,CLI0081,LOC02,Conveyancing,Closed,2024-08-01,2025-02-27,,Lawyer-16,5943.95,False,
MAT00645,CLI0172,LOC02,Conveyancing,Closed,2025-02-02,2025-04-06,,Lawyer-25,8306.62,True,Accountant Partners
MAT00646,CLI0182,LOC01,Commercial Advisory,Closed,2024-03-11,2024-08-13,,Lawyer-21,13621.29,False,
MAT00647,CLI0026,LOC02,Commercial Litigation,Closed,2025-08-03,2025-12-26,CSL04,Lawyer-17,867.18,False,
MAT00648,CLI0044,LOC02,Commercial Litigation,Open,2025-09-30,,CSL04,Lawyer-19,2429.93,False,
MAT00649,CLI0009,LOC01,Employment,Closed,2024-01-15,2024-09-16,CSL07,Lawyer-18,1453.78,False,
MAT00650,CLI0153,LOC01,Conveyancing,Closed,2024-04-14,2025-01-23,,Lawyer-21,3629.75,False,
