txn_id,matter_id,location_id,date,type,amount,source_system,balance_after
TR000001,MAT00001,LOC01,2024-07-11,Deposit,6743.51,CommBiz,6743.51
TR000002,MAT00001,LOC01,2024-07-13,Deposit,8637.82,CommBiz,15381.33
TR000003,MAT00002,LOC01,2025-01-02,Disbursement payment,-527.88,CommBiz,-527.88
TR000004,MAT00002,LOC01,2025-02-14,Disbursement payment,-1246.72,CommBiz,-1774.6
TR000005,MAT00003,LOC01,2024-03-28,Deposit,8539.43,RapidPay,8539.43
TR000006,MAT00004,LOC02,2025-02-28,Deposit,9247.4,CommBiz,9247.4
TR000007,MAT00004,LOC02,2025-06-24,Disbursement payment,-838.91,CommBiz,8408.49
TR000008,MAT00004,LOC02,2025-03-03,Deposit,8059.38,RapidPay,16467.87
TR000009,MAT00004,LOC02,2025-03-23,Deposit,3734.59,Manual/LEAP,20202.46
TR000010,MAT00007,LOC01,2025-08-02,Disbursement payment,-306.91,Manual/LEAP,-306.91
TR000011,MAT00007,LOC01,2025-05-15,Deposit,1229.3,Manual/LEAP,922.39
TR000012,MAT00008,LOC01,2025-06-23,Deposit,16260.09,CommBiz,16260.09
TR000013,MAT00009,LOC02,2024-04-23,Transfer to office (billing),-7105.49,CommBiz,-7105.49
TR000014,MAT00010,LOC01,2025-12-14,Deposit,14101.68,CommBiz,14101.68
TR000015,MAT00011,LOC02,2024-11-05,Deposit,12719.66,CommBiz,12719.66
TR000016,MAT00012,LOC01,2024-10-04,Deposit,11508.55,CommBiz,11508.55
TR000017,MAT00012,LOC01,2024-10-04,Deposit,12701.9,Manual/LEAP,24210.45
TR000018,MAT00012,LOC01,2024-10-09,Transfer to office (billing),-3189.3,InfoTrack,21021.15
TR000019,MAT00013,LOC01,2024-12-06,Transfer to office (billing),-1089.33,CommBiz,-1089.33
TR000020,MAT00014,LOC02,2025-08-14,Transfer to office (billing),-3033.75,RapidPay,-3033.75
TR000021,MAT00015,LOC02,2024-09-20,Disbursement payment,-1222.63,CommBiz,-1222.63
TR000022,MAT00015,LOC02,2024-11-10,Deposit,19963.21,RapidPay,18740.58
TR000023,MAT00016,LOC02,2024-05-01,Transfer to office (billing),-6008.68,CommBiz,-6008.68
TR000024,MAT00016,LOC02,2024-04-29,Deposit,7144.2,CommBiz,1135.52
TR000025,MAT00017,LOC01,2024-03-23,Deposit,6601.86,CommBiz,6601.86
TR000026,MAT00017,LOC01,2024-06-20,Deposit,14884.74,Manual/LEAP,21486.6
TR000027,MAT00017,LOC01,2024-09-03,Disbursement payment,-1710.3,CommBiz,19776.3
TR000028,MAT00018,LOC02,2025-11-19,Disbursement payment,-636.98,RapidPay,-636.98
TR000029,MAT00019,LOC01,2025-11-18,Deposit,3864.11,CommBiz,3864.11
TR000030,MAT00020,LOC01,2025-08-10,Transfer to office (billing),-2587.78,InfoTrack,-2587.78
TR000031,MAT00020,LOC01,2025-09-03,Deposit,5510.6,CommBiz,2922.82
TR000032,MAT00020,LOC01,2025-08-14,Deposit,4016.17,InfoTrack,6938.99
TR000033,MAT00020,LOC01,2025-09-02,Deposit,7868.77,InfoTrack,14807.76
TR000034,MAT00021,LOC01,2025-09-07,Deposit,10635.86,CommBiz,10635.86
TR000035,MAT00021,LOC01,2025-08-30,Deposit,4970.24,RapidPay,15606.1
TR000036,MAT00022,LOC01,2025-10-22,Transfer to office (billing),-1425.29,CommBiz,-1425.29
TR000037,MAT00022,LOC01,2025-09-03,Deposit,897.34,Manual/LEAP,-527.95
TR000038,MAT00022,LOC01,2025-10-10,Disbursement payment,-409.79,Manual/LEAP,-937.74
TR000039,MAT00023,LOC01,2024-03-31,Transfer to office (billing),-2412.96,RapidPay,-2412.96
TR000040,MAT00023,LOC01,2024-04-14,Disbursement payment,-360.66,CommBiz,-2773.62
TR000041,MAT00023,LOC01,2024-04-29,Disbursement payment,-312.4,CommBiz,-3086.02
TR000042,MAT00024,LOC02,2025-09-23,Disbursement payment,-747.25,CommBiz,-747.25
TR000043,MAT00024,LOC02,2025-01-27,Deposit,5246.37,RapidPay,4499.12
TR000044,MAT00025,LOC02,2024-08-21,Deposit,12050.72,CommBiz,12050.72
TR000045,MAT00026,LOC01,2025-12-15,Transfer to office (billing),-5337.96,Manual/LEAP,-5337.96
TR000046,MAT00027,LOC02,2025-11-21,Deposit,1349.49,InfoTrack,1349.49
TR000047,MAT00027,LOC02,2025-11-12,Disbursement payment,-750.86,CommBiz,598.63
TR000048,MAT00027,LOC02,2025-11-19,Deposit,14175.06,CommBiz,14773.69
TR000049,MAT00028,LOC01,2025-06-09,Transfer to office (billing),-2592.92,RapidPay,-2592.92
TR000050,MAT00028,LOC01,2025-06-13,Deposit,5144.14,RapidPay,2551.22
TR000051,MAT00028,LOC01,2025-06-12,Disbursement payment,-569.07,RapidPay,1982.15
TR000052,MAT00029,LOC01,2024-06-19,Disbursement payment,-822.42,InfoTrack,-822.42
TR000053,MAT00029,LOC01,2024-06-13,Disbursement payment,-887.85,RapidPay,-1710.27
TR000054,MAT00029,LOC01,2024-02-03,Deposit,8148.53,RapidPay,6438.26
TR000055,MAT00030,LOC01,2025-01-25,Disbursement payment,-824.43,InfoTrack,-824.43
TR000056,MAT00031,LOC02,2025-10-20,Deposit,6348.6,CommBiz,6348.6
TR000057,MAT00031,LOC02,2025-11-27,Deposit,10921.77,Manual/LEAP,17270.37
TR000058,MAT00032,LOC01,2025-02-26,Deposit,5385.87,InfoTrack,5385.87
TR000059,MAT00034,LOC01,2025-02-16,Deposit,9030.42,CommBiz,9030.42
TR000060,MAT00035,LOC01,2025-04-12,Transfer to office (billing),-1970.48,CommBiz,-1970.48
TR000061,MAT00035,LOC01,2024-11-08,Deposit,6469.96,CommBiz,4499.48
TR000062,MAT00035,LOC01,2025-02-17,Disbursement payment,-587.07,InfoTrack,3912.41
TR000063,MAT00035,LOC01,2024-11-04,Deposit,1688.35,Manual/LEAP,5600.76
TR000064,MAT00035,LOC01,2024-12-16,Deposit,15212.58,RapidPay,20813.34
TR000065,MAT00037,LOC01,2024-04-19,Deposit,7492.29,RapidPay,7492.29
TR000066,MAT00037,LOC01,2024-04-04,Deposit,9669.33,InfoTrack,17161.62
TR000067,MAT00037,LOC01,2024-04-26,Deposit,3883.67,CommBiz,21045.29
TR000068,MAT00037,LOC01,2024-04-06,Disbursement payment,-996.46,CommBiz,20048.83
TR000069,MAT00038,LOC02,2025-08-25,Disbursement payment,-760.95,RapidPay,-760.95
TR000070,MAT00039,LOC02,2024-12-04,Disbursement payment,-767.65,CommBiz,-767.65
TR000071,MAT00039,LOC02,2024-11-26,Deposit,24945.6,InfoTrack,24177.95
TR000072,MAT00040,LOC02,2024-05-16,Transfer to office (billing),-4609.4,CommBiz,-4609.4
TR000073,MAT00042,LOC01,2025-10-01,Transfer to office (billing),-7355.24,CommBiz,-7355.24
TR000074,MAT00042,LOC01,2025-05-20,Deposit,6864.26,InfoTrack,-490.98
TR000075,MAT00042,LOC01,2025-03-23,Deposit,7707.8,Manual/LEAP,7216.82
TR000076,MAT00042,LOC01,2025-06-15,Disbursement payment,-1775.49,CommBiz,5441.33
TR000077,MAT00043,LOC02,2024-05-20,Transfer to office (billing),-959.08,RapidPay,-959.08
TR000078,MAT00043,LOC02,2024-06-14,Deposit,12154.91,CommBiz,11195.83
TR000079,MAT00043,LOC02,2024-09-07,Deposit,13536.4,CommBiz,24732.23
TR000080,MAT00044,LOC01,2024-11-04,Deposit,10354.21,InfoTrack,10354.21
TR000081,MAT00044,LOC01,2024-10-13,Transfer to office (billing),-1890.03,CommBiz,8464.18
TR000082,MAT00044,LOC01,2024-10-28,Deposit,11847.52,Manual/LEAP,20311.7
TR000083,MAT00044,LOC01,2024-10-27,Deposit,3197.5,RapidPay,23509.2
TR000084,MAT00044,LOC01,2024-10-22,Disbursement payment,-422.1,InfoTrack,23087.1
TR000085,MAT00045,LOC01,2024-04-30,Disbursement payment,-655.93,InfoTrack,-655.93
TR000086,MAT00045,LOC01,2024-05-01,Deposit,30230.71,InfoTrack,29574.78
TR000087,MAT00045,LOC01,2024-03-23,Deposit,3088.15,CommBiz,32662.93
TR000088,MAT00047,LOC01,2024-05-16,Disbursement payment,-1219.83,RapidPay,-1219.83
TR000089,MAT00047,LOC01,2024-05-30,Disbursement payment,-546.51,InfoTrack,-1766.34
TR000090,MAT00048,LOC02,2025-09-04,Disbursement payment,-140.07,Manual/LEAP,-140.07
TR000091,MAT00048,LOC02,2025-11-04,Deposit,4846.91,CommBiz,4706.84
TR000092,MAT00051,LOC01,2025-07-24,Deposit,9239.36,RapidPay,9239.36
TR000093,MAT00052,LOC01,2025-01-04,Deposit,7861.66,CommBiz,7861.66
TR000094,MAT00052,LOC01,2024-11-02,Deposit,12599.7,InfoTrack,20461.36
TR000095,MAT00052,LOC01,2025-01-04,Deposit,7038.62,Manual/LEAP,27499.98
TR000096,MAT00052,LOC01,2025-01-14,Disbursement payment,-551.29,RapidPay,26948.69
TR000097,MAT00053,LOC01,2024-09-01,Transfer to office (billing),-1776.81,Manual/LEAP,-1776.81
TR000098,MAT00053,LOC01,2024-09-20,Deposit,12918.31,CommBiz,11141.5
TR000099,MAT00056,LOC01,2024-10-27,Deposit,6420.06,CommBiz,6420.06
TR000100,MAT00057,LOC02,2025-03-01,Transfer to office (billing),-2719.49,CommBiz,-2719.49
TR000101,MAT00057,LOC02,2025-01-24,Disbursement payment,-289.2,CommBiz,-3008.69
TR000102,MAT00058,LOC01,2025-01-16,Deposit,11685.41,CommBiz,11685.41
TR000103,MAT00058,LOC01,2025-02-04,Disbursement payment,-402.36,CommBiz,11283.05
TR000104,MAT00058,LOC01,2025-04-02,Deposit,6347.77,InfoTrack,17630.82
TR000105,MAT00058,LOC01,2025-06-11,Deposit,18500.19,RapidPay,36131.01
TR000106,MAT00058,LOC01,2025-04-17,Deposit,3746.23,CommBiz,39877.24
TR000107,MAT00060,LOC01,2025-11-29,Disbursement payment,-1815.52,RapidPay,-1815.52
TR000108,MAT00061,LOC02,2025-07-20,Transfer to office (billing),-2546.19,InfoTrack,-2546.19
TR000109,MAT00061,LOC02,2025-09-20,Disbursement payment,-3586.72,RapidPay,-6132.91
TR000110,MAT00062,LOC01,2025-05-14,Disbursement payment,-441.25,CommBiz,-441.25
TR000111,MAT00062,LOC01,2025-07-21,Deposit,10402.86,InfoTrack,9961.61
TR000112,MAT00062,LOC01,2025-07-21,Deposit,8704.69,CommBiz,18666.3
TR000113,MAT00063,LOC02,2025-12-17,Disbursement payment,-1448.43,CommBiz,-1448.43
TR000114,MAT00063,LOC02,2025-09-16,Deposit,3227.5,Manual/LEAP,1779.07
TR000115,MAT00064,LOC02,2025-11-25,Transfer to office (billing),-2962.37,Manual/LEAP,-2962.37
TR000116,MAT00064,LOC02,2025-10-22,Deposit,13076.08,RapidPay,10113.71
TR000117,MAT00065,LOC02,2025-03-12,Transfer to office (billing),-1936.23,RapidPay,-1936.23
TR000118,MAT00065,LOC02,2025-08-04,Disbursement payment,-1164.14,CommBiz,-3100.37
TR000119,MAT00065,LOC02,2025-06-27,Deposit,5624.38,CommBiz,2524.01
TR000120,MAT00066,LOC02,2025-12-28,Disbursement payment,-3015.45,CommBiz,-3015.45
TR000121,MAT00066,LOC02,2025-12-02,Disbursement payment,-1306.83,CommBiz,-4322.28
TR000122,MAT00067,LOC01,2024-10-22,Disbursement payment,-154.85,CommBiz,-154.85
TR000123,MAT00067,LOC01,2024-12-02,Disbursement payment,-709.15,CommBiz,-864.0
TR000124,MAT00068,LOC01,2024-12-22,Deposit,5093.17,RapidPay,5093.17
TR000125,MAT00068,LOC01,2024-10-17,Transfer to office (billing),-1652.82,InfoTrack,3440.35
TR000126,MAT00068,LOC01,2024-08-22,Deposit,3727.65,CommBiz,7168.0
TR000127,MAT00069,LOC01,2025-11-12,Disbursement payment,-214.69,CommBiz,-214.69
TR000128,MAT00069,LOC01,2025-10-17,Disbursement payment,-404.98,InfoTrack,-619.67
TR000129,MAT00069,LOC01,2025-12-31,Transfer to office (billing),-4798.5,RapidPay,-5418.17
TR000130,MAT00069,LOC01,2025-12-16,Deposit,2445.3,Manual/LEAP,-2972.87
TR000131,MAT00069,LOC01,2025-11-02,Disbursement payment,-930.38,CommBiz,-3903.25
TR000132,MAT00070,LOC02,2024-06-22,Transfer to office (billing),-4009.22,InfoTrack,-4009.22
TR000133,MAT00070,LOC02,2024-08-09,Transfer to office (billing),-1625.58,Manual/LEAP,-5634.8
TR000134,MAT00070,LOC02,2024-08-10,Disbursement payment,-505.42,CommBiz,-6140.22
TR000135,MAT00071,LOC01,2025-03-19,Disbursement payment,-541.12,RapidPay,-541.12
TR000136,MAT00072,LOC01,2024-04-15,Disbursement payment,-802.49,RapidPay,-802.49
TR000137,MAT00075,LOC01,2025-12-09,Transfer to office (billing),-2925.51,CommBiz,-2925.51
TR000138,MAT00075,LOC01,2025-10-02,Disbursement payment,-2539.05,CommBiz,-5464.56
TR000139,MAT00075,LOC01,2025-06-06,Deposit,4214.31,Manual/LEAP,-1250.25
TR000140,MAT00076,LOC01,2025-08-08,Disbursement payment,-357.31,Manual/LEAP,-357.31
TR000141,MAT00076,LOC01,2025-04-14,Transfer to office (billing),-1889.79,RapidPay,-2247.1
TR000142,MAT00076,LOC01,2025-05-07,Transfer to office (billing),-2203.78,InfoTrack,-4450.88
TR000143,MAT00076,LOC01,2025-03-08,Disbursement payment,-1282.39,CommBiz,-5733.27
TR000144,MAT00078,LOC01,2024-11-18,Deposit,2893.23,RapidPay,2893.23
TR000145,MAT00080,LOC01,2025-07-24,Transfer to office (billing),-2448.72,RapidPay,-2448.72
TR000146,MAT00081,LOC02,2024-03-14,Disbursement payment,-121.31,InfoTrack,-121.31
TR000147,MAT00081,LOC02,2024-03-16,Deposit,3997.69,InfoTrack,3876.38
TR000148,MAT00081,LOC02,2024-03-24,Transfer to office (billing),-3138.56,CommBiz,737.82
TR000149,MAT00082,LOC01,2025-08-31,Deposit,8281.88,RapidPay,8281.88
TR000150,MAT00082,LOC01,2025-07-31,Disbursement payment,-486.95,CommBiz,7794.93
TR000151,MAT00083,LOC01,2025-01-16,Disbursement payment,-1263.24,Manual/LEAP,-1263.24
TR000152,MAT00083,LOC01,2025-04-24,Disbursement payment,-885.79,RapidPay,-2149.03
TR000153,MAT00085,LOC01,2024-06-18,Disbursement payment,-1765.11,InfoTrack,-1765.11
TR000154,MAT00085,LOC01,2024-04-09,Transfer to office (billing),-2066.47,CommBiz,-3831.58
TR000155,MAT00086,LOC01,2025-12-21,Disbursement payment,-703.43,CommBiz,-703.43
TR000156,MAT00086,LOC01,2025-12-22,Deposit,4069.05,CommBiz,3365.62
TR000157,MAT00086,LOC01,2025-12-17,Deposit,13322.27,CommBiz,16687.89
TR000158,MAT00088,LOC02,2024-10-19,Disbursement payment,-210.82,Manual/LEAP,-210.82
TR000159,MAT00088,LOC02,2025-06-06,Deposit,3171.16,CommBiz,2960.34
TR000160,MAT00089,LOC02,2025-05-16,Deposit,17205.66,CommBiz,17205.66
TR000161,MAT00089,LOC02,2025-03-13,Disbursement payment,-293.63,CommBiz,16912.03
TR000162,MAT00089,LOC02,2025-04-26,Deposit,7369.69,CommBiz,24281.72
TR000163,MAT00090,LOC02,2025-09-24,Deposit,6210.95,Manual/LEAP,6210.95
TR000164,MAT00092,LOC01,2025-07-29,Deposit,6874.15,InfoTrack,6874.15
TR000165,MAT00092,LOC01,2025-08-23,Deposit,12207.92,RapidPay,19082.07
TR000166,MAT00094,LOC01,2024-06-05,Deposit,12807.55,CommBiz,12807.55
TR000167,MAT00095,LOC01,2024-11-19,Disbursement payment,-622.46,CommBiz,-622.46
TR000168,MAT00095,LOC01,2024-12-08,Transfer to office (billing),-5563.07,CommBiz,-6185.53
TR000169,MAT00095,LOC01,2024-09-03,Deposit,4206.48,InfoTrack,-1979.05
TR000170,MAT00096,LOC02,2025-12-21,Disbursement payment,-431.98,RapidPay,-431.98
TR000171,MAT00096,LOC02,2025-11-23,Disbursement payment,-417.78,CommBiz,-849.76
TR000172,MAT00097,LOC02,2024-05-09,Deposit,5771.62,CommBiz,5771.62
TR000173,MAT00098,LOC01,2024-06-14,Transfer to office (billing),-6317.99,Manual/LEAP,-6317.99
TR000174,MAT00098,LOC01,2024-06-11,Transfer to office (billing),-1116.09,Manual/LEAP,-7434.08
TR000175,MAT00098,LOC01,2024-04-09,Disbursement payment,-1965.38,InfoTrack,-9399.46
TR000176,MAT00099,LOC01,2025-10-28,Disbursement payment,-988.26,CommBiz,-988.26
TR000177,MAT00101,LOC01,2025-07-05,Deposit,2875.12,CommBiz,2875.12
TR000178,MAT00101,LOC01,2025-03-06,Disbursement payment,-380.35,InfoTrack,2494.77
TR000179,MAT00101,LOC01,2025-06-05,Deposit,16505.13,Manual/LEAP,18999.9
TR000180,MAT00102,LOC01,2025-09-27,Disbursement payment,-470.8,Manual/LEAP,-470.8
TR000181,MAT00103,LOC01,2025-03-08,Deposit,35629.92,RapidPay,35629.92
TR000182,MAT00103,LOC01,2025-02-11,Disbursement payment,-389.46,CommBiz,35240.46
TR000183,MAT00103,LOC01,2025-05-02,Disbursement payment,-7309.95,CommBiz,27930.51
TR000184,MAT00103,LOC01,2025-06-21,Deposit,8094.17,InfoTrack,36024.68
TR000185,MAT00104,LOC02,2024-09-22,Deposit,11590.94,Manual/LEAP,11590.94
TR000186,MAT00105,LOC01,2025-01-14,Deposit,15613.27,InfoTrack,15613.27
TR000187,MAT00106,LOC02,2024-03-20,Deposit,6948.34,CommBiz,6948.34
TR000188,MAT00107,LOC01,2025-05-30,Transfer to office (billing),-1196.41,CommBiz,-1196.41
TR000189,MAT00107,LOC01,2025-05-16,Disbursement payment,-205.26,CommBiz,-1401.67
TR000190,MAT00107,LOC01,2025-05-10,Deposit,10570.54,InfoTrack,9168.87
TR000191,MAT00109,LOC02,2025-09-28,Transfer to office (billing),-3369.29,CommBiz,-3369.29
TR000192,MAT00109,LOC02,2025-09-30,Transfer to office (billing),-4148.54,CommBiz,-7517.83
TR000193,MAT00111,LOC01,2024-05-27,Disbursement payment,-1964.65,InfoTrack,-1964.65
TR000194,MAT00112,LOC01,2025-07-09,Transfer to office (billing),-2513.31,InfoTrack,-2513.31
TR000195,MAT00112,LOC01,2025-10-10,Transfer to office (billing),-4108.14,RapidPay,-6621.45
TR000196,MAT00112,LOC01,2025-10-15,Deposit,33906.98,Manual/LEAP,27285.53
TR000197,MAT00113,LOC01,2025-01-06,Deposit,10250.6,Manual/LEAP,10250.6
TR000198,MAT00113,LOC01,2024-11-12,Transfer to office (billing),-1604.78,InfoTrack,8645.82
TR000199,MAT00113,LOC01,2025-03-28,Transfer to office (billing),-4596.15,CommBiz,4049.67
TR000200,MAT00114,LOC01,2025-12-31,Deposit,16952.55,InfoTrack,16952.55
TR000201,MAT00115,LOC02,2024-07-05,Deposit,21991.89,CommBiz,21991.89
TR000202,MAT00115,LOC02,2024-06-20,Deposit,3364.51,InfoTrack,25356.4
TR000203,MAT00115,LOC02,2024-07-28,Deposit,2860.55,InfoTrack,28216.95
TR000204,MAT00116,LOC01,2024-11-14,Deposit,11475.8,Manual/LEAP,11475.8
TR000205,MAT00116,LOC01,2024-11-22,Deposit,2821.48,RapidPay,14297.28
TR000206,MAT00117,LOC01,2024-12-02,Deposit,14924.34,CommBiz,14924.34
TR000207,MAT00117,LOC01,2025-04-04,Disbursement payment,-1066.62,InfoTrack,13857.72
TR000208,MAT00117,LOC01,2025-01-26,Deposit,5827.76,RapidPay,19685.48
TR000209,MAT00119,LOC01,2025-04-25,Deposit,10593.65,CommBiz,10593.65
TR000210,MAT00120,LOC01,2025-11-15,Deposit,10567.53,CommBiz,10567.53
TR000211,MAT00120,LOC01,2025-10-19,Disbursement payment,-2742.54,CommBiz,7824.99
TR000212,MAT00123,LOC01,2025-08-25,Deposit,8705.38,RapidPay,8705.38
TR000213,MAT00123,LOC01,2025-06-13,Disbursement payment,-643.12,Manual/LEAP,8062.26
TR000214,MAT00123,LOC01,2025-06-10,Transfer to office (billing),-1501.6,Manual/LEAP,6560.66
TR000215,MAT00124,LOC02,2025-03-08,Deposit,28645.49,InfoTrack,28645.49
TR000216,MAT00124,LOC02,2025-08-14,Deposit,20862.19,CommBiz,49507.68
TR000217,MAT00125,LOC01,2025-04-20,Deposit,11434.05,CommBiz,11434.05
TR000218,MAT00125,LOC01,2024-11-28,Transfer to office (billing),-3848.44,InfoTrack,7585.61
TR000219,MAT00127,LOC01,2025-11-20,Deposit,13177.71,CommBiz,13177.71
TR000220,MAT00128,LOC02,2025-02-14,Deposit,8227.1,RapidPay,8227.1
TR000221,MAT00128,LOC02,2025-02-13,Deposit,11714.59,RapidPay,19941.69
TR000222,MAT00129,LOC01,2025-05-22,Disbursement payment,-848.1,CommBiz,-848.1
TR000223,MAT00129,LOC01,2025-05-22,Disbursement payment,-284.83,CommBiz,-1132.93
TR000224,MAT00130,LOC02,2025-04-21,Deposit,17890.0,InfoTrack,17890.0
TR000225,MAT00130,LOC02,2025-04-04,Disbursement payment,-132.34,InfoTrack,17757.66
TR000226,MAT00130,LOC02,2025-03-16,Deposit,3531.53,CommBiz,21289.19
TR000227,MAT00131,LOC01,2025-12-02,Deposit,5456.91,RapidPay,5456.91
TR000228,MAT00131,LOC01,2025-11-23,Transfer to office (billing),-2165.22,CommBiz,3291.69
TR000229,MAT00131,LOC01,2025-11-25,Deposit,2089.75,Manual/LEAP,5381.44
TR000230,MAT00131,LOC01,2025-11-07,Transfer to office (billing),-1806.28,RapidPay,3575.16
TR000231,MAT00131,LOC01,2025-12-15,Disbursement payment,-513.3,InfoTrack,3061.86
TR000232,MAT00132,LOC01,2024-06-04,Deposit,28861.76,CommBiz,28861.76
TR000233,MAT00132,LOC01,2024-10-04,Deposit,10046.46,CommBiz,38908.22
TR000234,MAT00132,LOC01,2024-10-13,Deposit,8544.59,CommBiz,47452.81
TR000235,MAT00132,LOC01,2024-07-15,Transfer to office (billing),-5613.27,CommBiz,41839.54
TR000236,MAT00132,LOC01,2024-08-13,Deposit,16231.9,RapidPay,58071.44
TR000237,MAT00133,LOC01,2024-05-31,Disbursement payment,-900.98,CommBiz,-900.98
TR000238,MAT00134,LOC02,2024-04-01,Transfer to office (billing),-2082.98,CommBiz,-2082.98
TR000239,MAT00135,LOC01,2025-03-07,Disbursement payment,-213.13,CommBiz,-213.13
TR000240,MAT00135,LOC01,2025-03-09,Disbursement payment,-837.02,Manual/LEAP,-1050.15
TR000241,MAT00135,LOC01,2025-03-15,Deposit,18452.95,CommBiz,17402.8
TR000242,MAT00136,LOC01,2025-12-15,Disbursement payment,-1194.16,Manual/LEAP,-1194.16
TR000243,MAT00137,LOC01,2025-01-28,Deposit,18197.25,CommBiz,18197.25
TR000244,MAT00137,LOC01,2025-01-25,Transfer to office (billing),-3305.35,RapidPay,14891.9
TR000245,MAT00139,LOC02,2025-04-29,Disbursement payment,-1396.58,Manual/LEAP,-1396.58
TR000246,MAT00140,LOC02,2025-05-13,Disbursement payment,-1431.97,CommBiz,-1431.97
TR000247,MAT00140,LOC02,2025-06-17,Deposit,3499.39,InfoTrack,2067.42
TR000248,MAT00140,LOC02,2025-03-20,Transfer to office (billing),-3749.29,CommBiz,-1681.87
TR000249,MAT00140,LOC02,2025-04-16,Deposit,16390.76,CommBiz,14708.89
TR000250,MAT00141,LOC01,2024-07-30,Deposit,3787.36,CommBiz,3787.36
TR000251,MAT00141,LOC01,2024-05-04,Disbursement payment,-387.72,CommBiz,3399.64
TR000252,MAT00142,LOC01,2025-10-18,Deposit,11368.38,RapidPay,11368.38
TR000253,MAT00142,LOC01,2025-07-30,Deposit,7808.19,Manual/LEAP,19176.57
TR000254,MAT00143,LOC01,2025-11-01,Transfer to office (billing),-2391.28,InfoTrack,-2391.28
TR000255,MAT00143,LOC01,2025-11-13,Deposit,7046.11,InfoTrack,4654.83
TR000256,MAT00143,LOC01,2025-11-22,Transfer to office (billing),-1579.34,CommBiz,3075.49
TR000257,MAT00144,LOC02,2024-09-21,Disbursement payment,-1095.93,InfoTrack,-1095.93
TR000258,MAT00144,LOC02,2024-08-24,Disbursement payment,-584.7,RapidPay,-1680.63
TR000259,MAT00144,LOC02,2024-06-04,Transfer to office (billing),-3267.21,RapidPay,-4947.84
TR000260,MAT00144,LOC02,2024-10-10,Disbursement payment,-895.53,CommBiz,-5843.37
TR000261,MAT00145,LOC01,2024-09-15,Transfer to office (billing),-3242.83,RapidPay,-3242.83
TR000262,MAT00148,LOC02,2025-07-06,Deposit,12642.08,CommBiz,12642.08
TR000263,MAT00149,LOC02,2025-04-24,Deposit,5580.79,InfoTrack,5580.79
TR000264,MAT00150,LOC01,2024-03-25,Deposit,14144.91,InfoTrack,14144.91
TR000265,MAT00150,LOC01,2024-04-22,Deposit,4887.88,InfoTrack,19032.79
TR000266,MAT00150,LOC01,2024-03-19,Disbursement payment,-563.44,InfoTrack,18469.35
TR000267,MAT00150,LOC01,2024-03-29,Disbursement payment,-411.35,CommBiz,18058.0
TR000268,MAT00150,LOC01,2024-04-13,Deposit,4731.6,RapidPay,22789.6
TR000269,MAT00153,LOC01,2024-11-08,Disbursement payment,-705.8,InfoTrack,-705.8
TR000270,MAT00153,LOC01,2025-02-19,Disbursement payment,-762.72,InfoTrack,-1468.52
TR000271,MAT00153,LOC01,2024-10-22,Disbursement payment,-671.75,InfoTrack,-2140.27
TR000272,MAT00153,LOC01,2025-05-20,Disbursement payment,-405.06,RapidPay,-2545.33
TR000273,MAT00153,LOC01,2024-12-09,Deposit,8539.75,RapidPay,5994.42
TR000274,MAT00154,LOC01,2025-07-30,Deposit,13028.34,CommBiz,13028.34
TR000275,MAT00154,LOC01,2025-08-06,Disbursement payment,-585.05,InfoTrack,12443.29
TR000276,MAT00155,LOC01,2024-05-15,Deposit,6909.31,CommBiz,6909.31
TR000277,MAT00155,LOC01,2024-03-18,Deposit,12420.35,CommBiz,19329.66
TR000278,MAT00155,LOC01,2024-04-19,Disbursement payment,-264.1,InfoTrack,19065.56
TR000279,MAT00156,LOC02,2025-10-04,Deposit,3468.41,RapidPay,3468.41
TR000280,MAT00156,LOC02,2025-10-31,Transfer to office (billing),-3503.13,RapidPay,-34.72
TR000281,MAT00156,LOC02,2025-09-06,Deposit,26903.73,CommBiz,26869.01
TR000282,MAT00156,LOC02,2025-10-20,Deposit,4009.51,RapidPay,30878.52
TR000283,MAT00156,LOC02,2025-10-28,Deposit,5203.1,InfoTrack,36081.62
TR000284,MAT00159,LOC01,2025-03-09,Deposit,5402.21,Manual/LEAP,5402.21
TR000285,MAT00159,LOC01,2025-05-25,Disbursement payment,-924.71,CommBiz,4477.5
TR000286,MAT00159,LOC01,2025-06-04,Transfer to office (billing),-1534.69,Manual/LEAP,2942.81
TR000287,MAT00160,LOC02,2024-10-26,Deposit,7427.67,RapidPay,7427.67
TR000288,MAT00160,LOC02,2024-11-16,Deposit,6370.79,Manual/LEAP,13798.46
TR000289,MAT00160,LOC02,2025-08-14,Disbursement payment,-622.61,RapidPay,13175.85
TR000290,MAT00162,LOC01,2025-06-19,Disbursement payment,-1511.93,CommBiz,-1511.93
TR000291,MAT00163,LOC02,2025-08-02,Transfer to office (billing),-1296.07,CommBiz,-1296.07
TR000292,MAT00163,LOC02,2025-07-18,Deposit,14019.37,Manual/LEAP,12723.3
TR000293,MAT00163,LOC02,2025-07-22,Transfer to office (billing),-2538.84,InfoTrack,10184.46
TR000294,MAT00164,LOC01,2025-01-27,Transfer to office (billing),-3218.56,CommBiz,-3218.56
TR000295,MAT00164,LOC01,2025-05-07,Disbursement payment,-838.04,CommBiz,-4056.6
TR000296,MAT00164,LOC01,2025-08-23,Transfer to office (billing),-5460.58,InfoTrack,-9517.18
TR000297,MAT00166,LOC02,2024-04-08,Disbursement payment,-559.51,InfoTrack,-559.51
TR000298,MAT00166,LOC02,2024-06-22,Transfer to office (billing),-3234.8,CommBiz,-3794.31
TR000299,MAT00166,LOC02,2024-02-10,Transfer to office (billing),-5828.49,Manual/LEAP,-9622.8
TR000300,MAT00169,LOC01,2024-09-11,Disbursement payment,-682.16,CommBiz,-682.16
TR000301,MAT00170,LOC01,2025-09-13,Deposit,12884.99,CommBiz,12884.99
TR000302,MAT00170,LOC01,2025-10-29,Deposit,19152.15,Manual/LEAP,32037.14
TR000303,MAT00171,LOC02,2024-10-01,Transfer to office (billing),-840.49,RapidPay,-840.49
TR000304,MAT00172,LOC01,2025-04-19,Disbursement payment,-2242.87,InfoTrack,-2242.87
TR000305,MAT00172,LOC01,2025-09-12,Transfer to office (billing),-595.87,RapidPay,-2838.74
TR000306,MAT00172,LOC01,2025-09-07,Deposit,10453.8,InfoTrack,7615.06
TR000307,MAT00173,LOC01,2024-09-22,Disbursement payment,-1156.89,Manual/LEAP,-1156.89
TR000308,MAT00173,LOC01,2024-10-24,Disbursement payment,-197.96,CommBiz,-1354.85
TR000309,MAT00174,LOC02,2025-06-03,Transfer to office (billing),-3090.38,Manual/LEAP,-3090.38
TR000310,MAT00174,LOC02,2025-10-31,Disbursement payment,-1075.87,InfoTrack,-4166.25
TR000311,MAT00174,LOC02,2025-07-30,Deposit,6421.56,InfoTrack,2255.31
TR000312,MAT00176,LOC01,2025-11-01,Transfer to office (billing),-2825.8,CommBiz,-2825.8
TR000313,MAT00176,LOC01,2025-12-18,Disbursement payment,-616.22,RapidPay,-3442.02
TR000314,MAT00176,LOC01,2025-10-19,Disbursement payment,-396.47,InfoTrack,-3838.49
TR000315,MAT00176,LOC01,2025-12-03,Deposit,8264.95,RapidPay,4426.46
TR000316,MAT00177,LOC02,2025-11-20,Disbursement payment,-178.28,RapidPay,-178.28
TR000317,MAT00177,LOC02,2025-07-12,Disbursement payment,-1312.56,CommBiz,-1490.84
TR000318,MAT00177,LOC02,2025-08-30,Deposit,4391.49,Manual/LEAP,2900.65
TR000319,MAT00178,LOC02,2025-09-01,Deposit,21157.45,CommBiz,21157.45
TR000320,MAT00178,LOC02,2025-10-27,Disbursement payment,-2832.78,RapidPay,18324.67
TR000321,MAT00179,LOC02,2024-10-14,Disbursement payment,-1126.79,CommBiz,-1126.79
TR000322,MAT00179,LOC02,2024-09-03,Disbursement payment,-407.71,Manual/LEAP,-1534.5
TR000323,MAT00179,LOC02,2024-10-02,Disbursement payment,-1661.83,CommBiz,-3196.33
TR000324,MAT00180,LOC02,2024-10-13,Deposit,9497.76,RapidPay,9497.76
TR000325,MAT00182,LOC02,2025-08-06,Transfer to office (billing),-4106.43,CommBiz,-4106.43
TR000326,MAT00183,LOC01,2025-12-29,Transfer to office (billing),-987.3,CommBiz,-987.3
TR000327,MAT00183,LOC01,2025-12-16,Deposit,5861.68,Manual/LEAP,4874.38
TR000328,MAT00183,LOC01,2025-12-20,Disbursement payment,-1258.68,CommBiz,3615.7
TR000329,MAT00184,LOC01,2024-11-20,Deposit,9290.03,InfoTrack,9290.03
TR000330,MAT00184,LOC01,2024-12-13,Disbursement payment,-1665.54,Manual/LEAP,7624.49
TR000331,MAT00185,LOC02,2025-10-13,Deposit,21152.66,InfoTrack,21152.66
TR000332,MAT00185,LOC02,2025-08-30,Deposit,11120.86,CommBiz,32273.52
TR000333,MAT00185,LOC02,2025-06-16,Disbursement payment,-1648.51,CommBiz,30625.01
TR000334,MAT00187,LOC01,2025-05-19,Deposit,11666.83,InfoTrack,11666.83
TR000335,MAT00187,LOC01,2025-03-30,Transfer to office (billing),-991.64,CommBiz,10675.19
TR000336,MAT00187,LOC01,2025-04-07,Deposit,10170.81,CommBiz,20846.0
TR000337,MAT00187,LOC01,2025-03-29,Transfer to office (billing),-1446.02,RapidPay,19399.98
TR000338,MAT00188,LOC01,2025-04-04,Deposit,10150.25,CommBiz,10150.25
TR000339,MAT00188,LOC01,2025-03-07,Disbursement payment,-413.0,Manual/LEAP,9737.25
TR000340,MAT00188,LOC01,2025-04-03,Deposit,8890.72,InfoTrack,18627.97
TR000341,MAT00189,LOC01,2024-08-03,Transfer to office (billing),-2669.62,InfoTrack,-2669.62
TR000342,MAT00189,LOC01,2024-09-11,Deposit,17628.53,CommBiz,14958.91
TR000343,MAT00189,LOC01,2024-06-06,Disbursement payment,-730.27,CommBiz,14228.64
TR000344,MAT00190,LOC01,2025-12-08,Disbursement payment,-532.37,Manual/LEAP,-532.37
TR000345,MAT00190,LOC01,2025-11-17,Disbursement payment,-636.03,InfoTrack,-1168.4
TR000346,MAT00190,LOC01,2025-11-20,Deposit,4279.3,CommBiz,3110.9
TR000347,MAT00191,LOC02,2025-11-08,Transfer to office (billing),-2482.17,CommBiz,-2482.17
TR000348,MAT00191,LOC02,2025-04-11,Deposit,10661.79,CommBiz,8179.62
TR000349,MAT00192,LOC02,2024-11-02,Disbursement payment,-357.63,CommBiz,-357.63
TR000350,MAT00192,LOC02,2024-12-08,Disbursement payment,-218.05,InfoTrack,-575.68
TR000351,MAT00192,LOC02,2025-02-22,Deposit,6222.55,CommBiz,5646.87
TR000352,MAT00193,LOC02,2025-03-16,Deposit,3992.92,CommBiz,3992.92
TR000353,MAT00193,LOC02,2025-01-25,Disbursement payment,-1051.44,RapidPay,2941.48
TR000354,MAT00194,LOC01,2025-02-07,Deposit,9806.36,InfoTrack,9806.36
TR000355,MAT00194,LOC01,2025-04-24,Deposit,6198.97,CommBiz,16005.33
TR000356,MAT00194,LOC01,2025-02-26,Deposit,7023.46,RapidPay,23028.79
TR000357,MAT00196,LOC01,2025-05-31,Deposit,6162.03,CommBiz,6162.03
TR000358,MAT00196,LOC01,2025-05-12,Disbursement payment,-785.97,CommBiz,5376.06
TR000359,MAT00197,LOC02,2024-09-26,Disbursement payment,-136.6,Manual/LEAP,-136.6
TR000360,MAT00197,LOC02,2025-06-07,Disbursement payment,-212.44,CommBiz,-349.04
TR000361,MAT00200,LOC01,2025-06-11,Disbursement payment,-2103.29,CommBiz,-2103.29
TR000362,MAT00200,LOC01,2025-01-01,Disbursement payment,-2115.15,CommBiz,-4218.44
TR000363,MAT00201,LOC02,2025-09-15,Transfer to office (billing),-4646.2,CommBiz,-4646.2
TR000364,MAT00202,LOC02,2025-10-13,Transfer to office (billing),-2069.55,RapidPay,-2069.55
TR000365,MAT00204,LOC01,2025-03-04,Transfer to office (billing),-5011.56,Manual/LEAP,-5011.56
TR000366,MAT00205,LOC02,2024-07-07,Deposit,5842.34,CommBiz,5842.34
TR000367,MAT00205,LOC02,2024-06-19,Deposit,2554.61,InfoTrack,8396.95
TR000368,MAT00206,LOC01,2025-06-10,Disbursement payment,-3341.74,InfoTrack,-3341.74
TR000369,MAT00206,LOC01,2025-07-10,Deposit,8231.6,CommBiz,4889.86
TR000370,MAT00206,LOC01,2025-05-03,Deposit,5701.66,Manual/LEAP,10591.52
TR000371,MAT00206,LOC01,2025-03-16,Transfer to office (billing),-4813.75,Manual/LEAP,5777.77
TR000372,MAT00206,LOC01,2025-05-13,Deposit,7770.59,Manual/LEAP,13548.36
TR000373,MAT00208,LOC01,2025-12-06,Deposit,15184.59,CommBiz,15184.59
TR000374,MAT00208,LOC01,2025-09-19,Deposit,26746.48,CommBiz,41931.07
TR000375,MAT00208,LOC01,2025-10-04,Transfer to office (billing),-2478.49,Manual/LEAP,39452.58
TR000376,MAT00210,LOC01,2025-04-03,Deposit,10977.89,RapidPay,10977.89
TR000377,MAT00211,LOC02,2024-05-04,Disbursement payment,-584.23,CommBiz,-584.23
TR000378,MAT00211,LOC02,2024-05-19,Deposit,8407.07,RapidPay,7822.84
TR000379,MAT00211,LOC02,2024-05-06,Disbursement payment,-1984.94,CommBiz,5837.9
TR000380,MAT00212,LOC02,2024-05-08,Deposit,7277.3,RapidPay,7277.3
TR000381,MAT00213,LOC01,2025-12-19,Transfer to office (billing),-2650.89,RapidPay,-2650.89
TR000382,MAT00213,LOC01,2025-11-15,Deposit,26773.11,Manual/LEAP,24122.22
TR000383,MAT00215,LOC02,2025-06-14,Deposit,4146.39,CommBiz,4146.39
TR000384,MAT00216,LOC02,2025-12-20,Deposit,9140.06,CommBiz,9140.06
TR000385,MAT00217,LOC02,2024-05-20,Disbursement payment,-654.53,CommBiz,-654.53
TR000386,MAT00218,LOC01,2024-03-15,Transfer to office (billing),-3860.16,CommBiz,-3860.16
TR000387,MAT00218,LOC01,2024-03-19,Deposit,2868.38,Manual/LEAP,-991.78
TR000388,MAT00218,LOC01,2024-05-01,Disbursement payment,-1771.72,CommBiz,-2763.5
TR000389,MAT00218,LOC01,2024-03-12,Deposit,16885.87,InfoTrack,14122.37
TR000390,MAT00218,LOC01,2024-05-16,Disbursement payment,-1160.15,CommBiz,12962.22
TR000391,MAT00219,LOC02,2025-08-27,Disbursement payment,-563.73,CommBiz,-563.73
TR000392,MAT00219,LOC02,2025-10-30,Deposit,2939.95,Manual/LEAP,2376.22
TR000393,MAT00219,LOC02,2025-11-01,Deposit,3035.45,Manual/LEAP,5411.67
TR000394,MAT00223,LOC01,2025-12-14,Deposit,7635.07,CommBiz,7635.07
TR000395,MAT00224,LOC02,2024-11-27,Deposit,9167.36,CommBiz,9167.36
TR000396,MAT00224,LOC02,2025-01-14,Deposit,20195.49,CommBiz,29362.85
TR000397,MAT00227,LOC01,2025-06-02,Disbursement payment,-216.66,CommBiz,-216.66
TR000398,MAT00227,LOC01,2025-05-09,Deposit,7684.73,RapidPay,7468.07
TR000399,MAT00228,LOC01,2025-11-17,Deposit,7237.66,InfoTrack,7237.66
TR000400,MAT00230,LOC02,2024-06-17,Deposit,1832.23,Manual/LEAP,1832.23
TR000401,MAT00231,LOC01,2024-09-06,Deposit,4120.25,CommBiz,4120.25
TR000402,MAT00231,LOC01,2024-11-15,Deposit,9341.45,InfoTrack,13461.7
TR000403,MAT00233,LOC01,2025-10-14,Disbursement payment,-1327.74,Manual/LEAP,-1327.74
TR000404,MAT00233,LOC01,2025-11-21,Transfer to office (billing),-1336.64,CommBiz,-2664.38
TR000405,MAT00234,LOC02,2024-11-20,Deposit,2569.55,RapidPay,2569.55
TR000406,MAT00234,LOC02,2024-08-22,Deposit,8373.97,Manual/LEAP,10943.52
TR000407,MAT00236,LOC02,2024-07-03,Deposit,17070.88,Manual/LEAP,17070.88
TR000408,MAT00236,LOC02,2024-10-04,Disbursement payment,-169.61,RapidPay,16901.27
TR000409,MAT00237,LOC01,2024-04-28,Disbursement payment,-228.35,RapidPay,-228.35
TR000410,MAT00237,LOC01,2024-06-18,Deposit,14739.28,Manual/LEAP,14510.93
TR000411,MAT00237,LOC01,2024-05-09,Disbursement payment,-2429.76,CommBiz,12081.17
TR000412,MAT00238,LOC01,2024-07-10,Deposit,5192.33,Manual/LEAP,5192.33
TR000413,MAT00238,LOC01,2024-09-19,Deposit,13769.3,InfoTrack,18961.63
TR000414,MAT00238,LOC01,2024-10-06,Deposit,3161.88,InfoTrack,22123.51
TR000415,MAT00239,LOC02,2025-12-19,Deposit,14969.67,RapidPay,14969.67
TR000416,MAT00240,LOC02,2024-03-28,Deposit,4852.49,CommBiz,4852.49
TR000417,MAT00240,LOC02,2024-10-13,Transfer to office (billing),-2303.47,RapidPay,2549.02
TR000418,MAT00240,LOC02,2024-06-24,Disbursement payment,-1113.89,CommBiz,1435.13
TR000419,MAT00241,LOC01,2025-03-17,Deposit,17515.38,CommBiz,17515.38
TR000420,MAT00241,LOC01,2024-08-28,Deposit,11490.96,CommBiz,29006.34
TR000421,MAT00241,LOC01,2025-05-20,Deposit,12718.27,InfoTrack,41724.61
TR000422,MAT00242,LOC01,2024-11-19,Deposit,3794.37,CommBiz,3794.37
TR000423,MAT00243,LOC02,2024-05-12,Deposit,8566.78,CommBiz,8566.78
TR000424,MAT00244,LOC01,2024-06-23,Deposit,34073.29,RapidPay,34073.29
TR000425,MAT00244,LOC01,2024-06-15,Disbursement payment,-888.65,CommBiz,33184.64
TR000426,MAT00244,LOC01,2024-11-02,Deposit,3100.26,RapidPay,36284.9
TR000427,MAT00245,LOC01,2025-05-25,Transfer to office (billing),-1617.4,InfoTrack,-1617.4
TR000428,MAT00245,LOC01,2024-11-06,Deposit,5635.31,CommBiz,4017.91
TR000429,MAT00245,LOC01,2024-12-24,Deposit,16215.89,Manual/LEAP,20233.8
TR000430,MAT00245,LOC01,2025-02-17,Deposit,6456.11,CommBiz,26689.91
TR000431,MAT00245,LOC01,2025-05-09,Deposit,27436.23,Manual/LEAP,54126.14
TR000432,MAT00246,LOC01,2025-10-09,Disbursement payment,-4706.89,RapidPay,-4706.89
TR000433,MAT00246,LOC01,2025-09-15,Transfer to office (billing),-2146.2,CommBiz,-6853.09
TR000434,MAT00248,LOC02,2025-11-21,Disbursement payment,-2125.3,CommBiz,-2125.3
TR000435,MAT00250,LOC02,2024-03-07,Deposit,32824.36,CommBiz,32824.36
TR000436,MAT00250,LOC02,2024-02-06,Disbursement payment,-538.35,CommBiz,32286.01
TR000437,MAT00250,LOC02,2024-03-02,Deposit,11427.05,InfoTrack,43713.06
TR000438,MAT00251,LOC02,2025-02-07,Disbursement payment,-593.82,CommBiz,-593.82
TR000439,MAT00251,LOC02,2024-11-01,Deposit,2895.31,RapidPay,2301.49
TR000440,MAT00252,LOC01,2025-03-04,Transfer to office (billing),-698.71,Manual/LEAP,-698.71
TR000441,MAT00252,LOC01,2025-03-04,Transfer to office (billing),-3020.65,Manual/LEAP,-3719.36
TR000442,MAT00252,LOC01,2025-03-21,Deposit,15792.85,Manual/LEAP,12073.49
TR000443,MAT00253,LOC02,2024-10-06,Deposit,1915.3,CommBiz,1915.3
TR000444,MAT00253,LOC02,2024-11-18,Disbursement payment,-398.1,InfoTrack,1517.2
TR000445,MAT00253,LOC02,2024-09-14,Deposit,7023.02,Manual/LEAP,8540.22
TR000446,MAT00255,LOC02,2025-09-21,Deposit,3928.25,Manual/LEAP,3928.25
TR000447,MAT00256,LOC01,2025-06-28,Disbursement payment,-704.9,RapidPay,-704.9
TR000448,MAT00256,LOC01,2025-05-21,Disbursement payment,-1030.26,InfoTrack,-1735.16
TR000449,MAT00257,LOC01,2025-02-24,Deposit,34830.46,CommBiz,34830.46
TR000450,MAT00257,LOC01,2025-07-10,Deposit,3494.47,RapidPay,38324.93
TR000451,MAT00257,LOC01,2025-07-06,Deposit,4734.08,RapidPay,43059.01
TR000452,MAT00258,LOC01,2025-08-20,Disbursement payment,-684.82,RapidPay,-684.82
TR000453,MAT00259,LOC01,2024-09-15,Deposit,16428.62,Manual/LEAP,16428.62
TR000454,MAT00259,LOC01,2025-02-20,Transfer to office (billing),-6826.92,CommBiz,9601.7
TR000455,MAT00260,LOC01,2024-07-30,Transfer to office (billing),-1101.24,RapidPay,-1101.24
TR000456,MAT00260,LOC01,2024-06-20,Disbursement payment,-557.41,Manual/LEAP,-1658.65
TR000457,MAT00260,LOC01,2024-03-23,Deposit,11943.15,RapidPay,10284.5
TR000458,MAT00260,LOC01,2024-07-11,Deposit,4797.85,RapidPay,15082.35
TR000459,MAT00260,LOC01,2024-07-23,Deposit,8969.78,RapidPay,24052.13
TR000460,MAT00261,LOC01,2025-01-16,Transfer to office (billing),-5689.96,RapidPay,-5689.96
TR000461,MAT00264,LOC01,2024-09-15,Disbursement payment,-603.23,CommBiz,-603.23
TR000462,MAT00264,LOC01,2024-09-21,Transfer to office (billing),-4430.78,CommBiz,-5034.01
TR000463,MAT00265,LOC01,2025-11-29,Deposit,8055.76,CommBiz,8055.76
TR000464,MAT00265,LOC01,2025-12-24,Disbursement payment,-2182.28,InfoTrack,5873.48
TR000465,MAT00266,LOC02,2025-04-05,Deposit,8239.58,CommBiz,8239.58
TR000466,MAT00267,LOC02,2024-04-11,Transfer to office (billing),-1639.73,CommBiz,-1639.73
TR000467,MAT00267,LOC02,2024-04-08,Disbursement payment,-1328.32,CommBiz,-2968.05
TR000468,MAT00267,LOC02,2024-06-03,Disbursement payment,-549.96,CommBiz,-3518.01
TR000469,MAT00268,LOC01,2024-10-27,Transfer to office (billing),-1775.08,CommBiz,-1775.08
TR000470,MAT00268,LOC01,2025-03-28,Deposit,5771.86,CommBiz,3996.78
TR000471,MAT00270,LOC01,2024-08-25,Deposit,5729.17,CommBiz,5729.17
TR000472,MAT00270,LOC01,2024-11-29,Deposit,6718.77,RapidPay,12447.94
TR000473,MAT00271,LOC01,2024-12-23,Disbursement payment,-792.78,RapidPay,-792.78
TR000474,MAT00272,LOC02,2025-02-21,Transfer to office (billing),-1250.58,CommBiz,-1250.58
TR000475,MAT00273,LOC01,2024-06-10,Disbursement payment,-514.08,CommBiz,-514.08
TR000476,MAT00273,LOC01,2024-07-07,Deposit,10939.79,RapidPay,10425.71
TR000477,MAT00275,LOC01,2024-06-03,Deposit,10523.94,CommBiz,10523.94
TR000478,MAT00275,LOC01,2024-07-01,Disbursement payment,-602.96,RapidPay,9920.98
TR000479,MAT00275,LOC01,2024-07-21,Deposit,25635.49,RapidPay,35556.47
TR000480,MAT00276,LOC01,2025-08-26,Transfer to office (billing),-11420.42,Manual/LEAP,-11420.42
TR000481,MAT00276,LOC01,2025-10-28,Deposit,3306.08,RapidPay,-8114.34
TR000482,MAT00278,LOC02,2024-03-14,Disbursement payment,-334.88,CommBiz,-334.88
TR000483,MAT00279,LOC01,2024-11-12,Deposit,5478.34,InfoTrack,5478.34
TR000484,MAT00279,LOC01,2025-01-27,Disbursement payment,-727.47,InfoTrack,4750.87
TR000485,MAT00279,LOC01,2024-11-06,Deposit,24327.93,InfoTrack,29078.8
TR000486,MAT00280,LOC01,2024-10-25,Disbursement payment,-1469.4,CommBiz,-1469.4
TR000487,MAT00280,LOC01,2024-12-05,Transfer to office (billing),-848.02,RapidPay,-2317.42
TR000488,MAT00281,LOC01,2025-06-25,Transfer to office (billing),-3428.95,CommBiz,-3428.95
TR000489,MAT00281,LOC01,2025-08-25,Deposit,9971.15,RapidPay,6542.2
TR000490,MAT00281,LOC01,2025-08-11,Deposit,7759.11,RapidPay,14301.31
TR000491,MAT00281,LOC01,2025-07-15,Transfer to office (billing),-4386.02,Manual/LEAP,9915.29
TR000492,MAT00282,LOC01,2025-09-07,Deposit,5698.16,CommBiz,5698.16
TR000493,MAT00282,LOC01,2025-03-17,Deposit,5974.26,Manual/LEAP,11672.42
TR000494,MAT00283,LOC01,2025-04-24,Transfer to office (billing),-2694.08,RapidPay,-2694.08
TR000495,MAT00283,LOC01,2024-12-27,Disbursement payment,-182.04,RapidPay,-2876.12
TR000496,MAT00283,LOC01,2025-05-20,Deposit,19514.33,Manual/LEAP,16638.21
TR000497,MAT00284,LOC01,2025-10-01,Deposit,12526.24,CommBiz,12526.24
TR000498,MAT00284,LOC01,2025-09-14,Disbursement payment,-1721.03,InfoTrack,10805.21
TR000499,MAT00284,LOC01,2025-06-18,Deposit,8153.91,CommBiz,18959.12
TR000500,MAT00287,LOC02,2025-11-01,Disbursement payment,-2309.56,CommBiz,-2309.56
TR000501,MAT00288,LOC01,2025-10-04,Deposit,18084.24,CommBiz,18084.24
TR000502,MAT00288,LOC01,2025-12-29,Deposit,29510.69,CommBiz,47594.93
TR000503,MAT00288,LOC01,2025-09-29,Deposit,6358.16,Manual/LEAP,53953.09
TR000504,MAT00288,LOC01,2025-11-15,Disbursement payment,-313.03,RapidPay,53640.06
TR000505,MAT00289,LOC01,2025-02-07,Deposit,5911.73,RapidPay,5911.73
TR000506,MAT00289,LOC01,2025-06-10,Transfer to office (billing),-841.8,Manual/LEAP,5069.93
TR000507,MAT00290,LOC01,2024-11-23,Deposit,6165.63,CommBiz,6165.63
TR000508,MAT00290,LOC01,2024-09-17,Disbursement payment,-260.64,CommBiz,5904.99
TR000509,MAT00290,LOC01,2024-07-04,Deposit,2825.41,CommBiz,8730.4
TR000510,MAT00290,LOC01,2025-01-11,Deposit,7714.08,Manual/LEAP,16444.48
TR000511,MAT00291,LOC01,2025-09-04,Transfer to office (billing),-7697.07,RapidPay,-7697.07
TR000512,MAT00291,LOC01,2025-10-19,Deposit,3945.75,RapidPay,-3751.32
TR000513,MAT00291,LOC01,2025-10-03,Disbursement payment,-309.23,RapidPay,-4060.55
TR000514,MAT00291,LOC01,2025-11-09,Transfer to office (billing),-4032.55,RapidPay,-8093.1
TR000515,MAT00292,LOC02,2025-12-16,Disbursement payment,-395.96,InfoTrack,-395.96
TR000516,MAT00292,LOC02,2025-11-08,Deposit,8527.47,Manual/LEAP,8131.51
TR000517,MAT00294,LOC01,2025-12-10,Disbursement payment,-1974.9,CommBiz,-1974.9
TR000518,MAT00294,LOC01,2025-12-26,Disbursement payment,-616.29,CommBiz,-2591.19
TR000519,MAT00294,LOC01,2025-11-30,Transfer to office (billing),-2759.94,CommBiz,-5351.13
TR000520,MAT00295,LOC01,2025-11-27,Deposit,3664.39,Manual/LEAP,3664.39
TR000521,MAT00295,LOC01,2025-11-20,Deposit,19331.61,CommBiz,22996.0
TR000522,MAT00295,LOC01,2025-10-11,Deposit,7030.84,CommBiz,30026.84
TR000523,MAT00296,LOC01,2025-08-04,Deposit,15221.33,CommBiz,15221.33
TR000524,MAT00297,LOC01,2024-05-24,Deposit,12407.76,CommBiz,12407.76
TR000525,MAT00298,LOC01,2024-03-11,Deposit,8293.87,CommBiz,8293.87
TR000526,MAT00298,LOC01,2024-03-15,Transfer to office (billing),-2428.66,RapidPay,5865.21
TR000527,MAT00298,LOC01,2024-03-06,Deposit,10106.23,Manual/LEAP,15971.44
TR000528,MAT00299,LOC01,2025-09-27,Deposit,5089.64,CommBiz,5089.64
TR000529,MAT00299,LOC01,2025-09-17,Transfer to office (billing),-1948.4,RapidPay,3141.24
TR000530,MAT00299,LOC01,2025-10-01,Disbursement payment,-533.26,CommBiz,2607.98
TR000531,MAT00301,LOC01,2025-03-16,Disbursement payment,-1139.32,CommBiz,-1139.32
TR000532,MAT00301,LOC01,2025-02-05,Disbursement payment,-1174.88,CommBiz,-2314.2
TR000533,MAT00303,LOC02,2025-03-27,Transfer to office (billing),-859.72,CommBiz,-859.72
TR000534,MAT00303,LOC02,2025-06-01,Deposit,5535.71,CommBiz,4675.99
TR000535,MAT00304,LOC02,2024-08-02,Deposit,6380.11,Manual/LEAP,6380.11
TR000536,MAT00304,LOC02,2024-07-28,Disbursement payment,-424.86,RapidPay,5955.25
TR000537,MAT00305,LOC01,2025-11-14,Disbursement payment,-359.49,InfoTrack,-359.49
TR000538,MAT00305,LOC01,2025-11-05,Deposit,7862.04,CommBiz,7502.55
TR000539,MAT00305,LOC01,2025-11-18,Transfer to office (billing),-2381.66,InfoTrack,5120.89
TR000540,MAT00305,LOC01,2025-12-16,Disbursement payment,-1809.65,Manual/LEAP,3311.24
TR000541,MAT00305,LOC01,2025-12-17,Deposit,13776.36,RapidPay,17087.6
TR000542,MAT00306,LOC01,2025-06-18,Disbursement payment,-724.98,RapidPay,-724.98
TR000543,MAT00307,LOC01,2025-04-28,Deposit,5009.79,InfoTrack,5009.79
TR000544,MAT00307,LOC01,2024-11-06,Disbursement payment,-207.59,CommBiz,4802.2
TR000545,MAT00307,LOC01,2025-04-27,Deposit,10830.23,Manual/LEAP,15632.43
TR000546,MAT00308,LOC02,2024-11-13,Disbursement payment,-1567.95,CommBiz,-1567.95
TR000547,MAT00310,LOC01,2024-01-18,Disbursement payment,-898.63,CommBiz,-898.63
TR000548,MAT00310,LOC01,2024-01-17,Deposit,6612.23,RapidPay,5713.6
TR000549,MAT00310,LOC01,2024-01-19,Disbursement payment,-208.48,CommBiz,5505.12
TR000550,MAT00312,LOC01,2025-02-16,Disbursement payment,-551.46,RapidPay,-551.46
TR000551,MAT00313,LOC01,2025-08-19,Deposit,13037.46,Manual/LEAP,13037.46
TR000552,MAT00313,LOC01,2025-11-03,Disbursement payment,-649.15,Manual/LEAP,12388.31
TR000553,MAT00313,LOC01,2025-05-30,Disbursement payment,-309.34,InfoTrack,12078.97
TR000554,MAT00314,LOC02,2025-07-08,Deposit,7418.61,RapidPay,7418.61
TR000555,MAT00315,LOC01,2025-06-29,Deposit,6867.9,CommBiz,6867.9
TR000556,MAT00316,LOC01,2024-07-17,Disbursement payment,-165.3,Manual/LEAP,-165.3
TR000557,MAT00317,LOC01,2025-11-04,Transfer to office (billing),-3479.46,CommBiz,-3479.46
TR000558,MAT00317,LOC01,2025-11-13,Deposit,3395.75,InfoTrack,-83.71
TR000559,MAT00318,LOC01,2025-07-12,Disbursement payment,-265.47,CommBiz,-265.47
TR000560,MAT00318,LOC01,2025-06-24,Deposit,12208.94,CommBiz,11943.47
TR000561,MAT00318,LOC01,2025-07-04,Disbursement payment,-139.88,InfoTrack,11803.59
TR000562,MAT00318,LOC01,2025-09-12,Deposit,10839.65,InfoTrack,22643.24
TR000563,MAT00318,LOC01,2025-09-08,Deposit,9893.61,InfoTrack,32536.85
TR000564,MAT00319,LOC01,2024-05-26,Deposit,26977.71,CommBiz,26977.71
TR000565,MAT00319,LOC01,2024-09-24,Disbursement payment,-408.1,InfoTrack,26569.61
TR000566,MAT00319,LOC01,2024-08-09,Disbursement payment,-296.95,RapidPay,26272.66
TR000567,MAT00320,LOC01,2025-04-01,Deposit,12697.97,RapidPay,12697.97
TR000568,MAT00320,LOC01,2025-06-03,Disbursement payment,-226.91,RapidPay,12471.06
TR000569,MAT00321,LOC01,2025-09-11,Deposit,5219.17,CommBiz,5219.17
TR000570,MAT00321,LOC01,2025-10-02,Deposit,8473.67,InfoTrack,13692.84
TR000571,MAT00322,LOC01,2024-04-04,Disbursement payment,-648.13,RapidPay,-648.13
TR000572,MAT00322,LOC01,2024-03-08,Disbursement payment,-594.53,Manual/LEAP,-1242.66
TR000573,MAT00322,LOC01,2024-04-10,Deposit,10665.28,RapidPay,9422.62
TR000574,MAT00322,LOC01,2024-04-13,Disbursement payment,-999.97,InfoTrack,8422.65
TR000575,MAT00323,LOC01,2024-11-08,Disbursement payment,-872.33,RapidPay,-872.33
TR000576,MAT00323,LOC01,2024-12-23,Disbursement payment,-707.77,Manual/LEAP,-1580.1
TR000577,MAT00323,LOC01,2025-04-24,Disbursement payment,-779.78,Manual/LEAP,-2359.88
TR000578,MAT00324,LOC02,2024-10-29,Disbursement payment,-548.65,CommBiz,-548.65
TR000579,MAT00324,LOC02,2024-09-09,Deposit,8215.31,CommBiz,7666.66
TR000580,MAT00325,LOC01,2025-07-31,Deposit,2533.37,Manual/LEAP,2533.37
TR000581,MAT00326,LOC01,2024-09-17,Transfer to office (billing),-1266.09,CommBiz,-1266.09
TR000582,MAT00326,LOC01,2024-12-23,Disbursement payment,-481.81,CommBiz,-1747.9
TR000583,MAT00326,LOC01,2024-12-19,Disbursement payment,-3208.29,RapidPay,-4956.19
TR000584,MAT00326,LOC01,2025-02-28,Disbursement payment,-615.23,Manual/LEAP,-5571.42
TR000585,MAT00327,LOC01,2024-12-21,Deposit,14303.1,InfoTrack,14303.1
TR000586,MAT00328,LOC02,2025-12-31,Transfer to office (billing),-3323.82,Manual/LEAP,-3323.82
TR000587,MAT00328,LOC02,2025-11-29,Deposit,5168.31,CommBiz,1844.49
TR000588,MAT00329,LOC01,2025-02-28,Deposit,11892.48,Manual/LEAP,11892.48
TR000589,MAT00329,LOC01,2024-12-03,Transfer to office (billing),-981.4,InfoTrack,10911.08
TR000590,MAT00330,LOC01,2025-03-14,Deposit,2427.54,CommBiz,2427.54
TR000591,MAT00332,LOC01,2025-04-09,Deposit,6810.51,Manual/LEAP,6810.51
TR000592,MAT00333,LOC01,2024-12-09,Deposit,5717.38,CommBiz,5717.38
TR000593,MAT00333,LOC01,2024-11-29,Disbursement payment,-458.24,InfoTrack,5259.14
TR000594,MAT00334,LOC01,2025-06-17,Disbursement payment,-2665.16,RapidPay,-2665.16
TR000595,MAT00334,LOC01,2025-04-25,Deposit,8097.34,CommBiz,5432.18
TR000596,MAT00335,LOC02,2025-04-02,Disbursement payment,-2208.04,CommBiz,-2208.04
TR000597,MAT00336,LOC01,2025-12-26,Deposit,4686.99,Manual/LEAP,4686.99
TR000598,MAT00337,LOC01,2025-11-02,Deposit,9650.1,InfoTrack,9650.1
TR000599,MAT00337,LOC01,2025-12-22,Disbursement payment,-2236.84,CommBiz,7413.26
TR000600,MAT00338,LOC01,2024-12-02,Deposit,11179.99,CommBiz,11179.99
TR000601,MAT00338,LOC01,2025-03-26,Deposit,29199.6,Manual/LEAP,40379.59
TR000602,MAT00338,LOC01,2025-04-09,Deposit,7552.57,InfoTrack,47932.16
TR000603,MAT00339,LOC01,2025-10-04,Disbursement payment,-1142.43,InfoTrack,-1142.43
TR000604,MAT00339,LOC01,2025-12-10,Transfer to office (billing),-1336.33,InfoTrack,-2478.76
TR000605,MAT00339,LOC01,2025-12-07,Disbursement payment,-356.9,InfoTrack,-2835.66
TR000606,MAT00340,LOC01,2025-03-15,Transfer to office (billing),-3344.4,InfoTrack,-3344.4
TR000607,MAT00342,LOC02,2025-07-02,Disbursement payment,-495.04,RapidPay,-495.04
TR000608,MAT00343,LOC02,2025-05-18,Deposit,12331.09,CommBiz,12331.09
TR000609,MAT00343,LOC02,2025-05-28,Transfer to office (billing),-1858.8,Manual/LEAP,10472.29
TR000610,MAT00343,LOC02,2025-07-09,Disbursement payment,-1348.88,InfoTrack,9123.41
TR000611,MAT00345,LOC02,2025-09-04,Disbursement payment,-501.17,RapidPay,-501.17
TR000612,MAT00345,LOC02,2025-09-04,Deposit,27942.32,RapidPay,27441.15
TR000613,MAT00347,LOC02,2024-06-13,Disbursement payment,-681.16,InfoTrack,-681.16
TR000614,MAT00347,LOC02,2024-08-14,Disbursement payment,-359.21,Manual/LEAP,-1040.37
TR000615,MAT00348,LOC01,2025-05-19,Transfer to office (billing),-4880.15,InfoTrack,-4880.15
TR000616,MAT00348,LOC01,2024-12-31,Disbursement payment,-2272.7,CommBiz,-7152.85
TR000617,MAT00348,LOC01,2025-05-14,Deposit,5155.53,CommBiz,-1997.32
TR000618,MAT00348,LOC01,2024-12-15,Deposit,13644.42,CommBiz,11647.1
TR000619,MAT00349,LOC01,2024-09-09,Disbursement payment,-700.74,RapidPay,-700.74
TR000620,MAT00349,LOC01,2024-10-15,Disbursement payment,-190.11,CommBiz,-890.85
TR000621,MAT00350,LOC01,2025-07-12,Disbursement payment,-602.72,Manual/LEAP,-602.72
TR000622,MAT00350,LOC01,2025-07-26,Deposit,5903.45,InfoTrack,5300.73
TR000623,MAT00351,LOC01,2025-04-17,Transfer to office (billing),-1931.16,InfoTrack,-1931.16
TR000624,MAT00351,LOC01,2025-04-22,Disbursement payment,-281.53,CommBiz,-2212.69
TR000625,MAT00352,LOC02,2025-01-24,Deposit,7796.89,CommBiz,7796.89
TR000626,MAT00354,LOC01,2025-07-27,Disbursement payment,-297.54,Manual/LEAP,-297.54
TR000627,MAT00354,LOC01,2025-07-21,Deposit,18406.87,InfoTrack,18109.33
TR000628,MAT00354,LOC01,2025-07-03,Disbursement payment,-483.27,RapidPay,17626.06
TR000629,MAT00356,LOC01,2025-04-17,Disbursement payment,-267.57,CommBiz,-267.57
TR000630,MAT00356,LOC01,2025-12-03,Deposit,10334.64,CommBiz,10067.07
TR000631,MAT00357,LOC01,2024-09-21,Deposit,28055.15,CommBiz,28055.15
TR000632,MAT00357,LOC01,2024-09-06,Deposit,6441.91,CommBiz,34497.06
TR000633,MAT00357,LOC01,2024-09-20,Disbursement payment,-79.08,Manual/LEAP,34417.98
TR000634,MAT00358,LOC01,2024-07-04,Disbursement payment,-3010.53,CommBiz,-3010.53
TR000635,MAT00358,LOC01,2024-08-02,Transfer to office (billing),-2457.39,CommBiz,-5467.92
TR000636,MAT00358,LOC01,2024-07-28,Deposit,38857.33,CommBiz,33389.41
TR000637,MAT00359,LOC01,2025-04-07,Deposit,23920.8,Manual/LEAP,23920.8
TR000638,MAT00359,LOC01,2025-02-03,Disbursement payment,-416.31,CommBiz,23504.49
TR000639,MAT00360,LOC01,2025-01-11,Transfer to office (billing),-4685.61,CommBiz,-4685.61
TR000640,MAT00360,LOC01,2024-12-07,Deposit,7038.88,CommBiz,2353.27
TR000641,MAT00360,LOC01,2025-04-02,Deposit,4389.24,RapidPay,6742.51
TR000642,MAT00361,LOC01,2024-09-25,Deposit,2454.63,CommBiz,2454.63
TR000643,MAT00361,LOC01,2024-10-06,Disbursement payment,-491.43,CommBiz,1963.2
TR000644,MAT00361,LOC01,2025-01-12,Deposit,3938.83,CommBiz,5902.03
TR000645,MAT00362,LOC01,2025-11-08,Disbursement payment,-492.95,RapidPay,-492.95
TR000646,MAT00363,LOC01,2024-11-17,Disbursement payment,-336.92,CommBiz,-336.92
TR000647,MAT00363,LOC01,2025-01-21,Disbursement payment,-253.95,RapidPay,-590.87
TR000648,MAT00363,LOC01,2025-01-31,Transfer to office (billing),-5510.46,Manual/LEAP,-6101.33
TR000649,MAT00365,LOC01,2025-01-25,Transfer to office (billing),-3849.58,CommBiz,-3849.58
TR000650,MAT00365,LOC01,2025-02-08,Disbursement payment,-4282.29,CommBiz,-8131.87
TR000651,MAT00365,LOC01,2025-01-06,Deposit,13089.09,RapidPay,4957.22
TR000652,MAT00366,LOC02,2024-05-09,Transfer to office (billing),-2117.22,InfoTrack,-2117.22
TR000653,MAT00366,LOC02,2024-03-30,Disbursement payment,-2045.02,CommBiz,-4162.24
TR000654,MAT00367,LOC02,2025-06-25,Deposit,7933.67,RapidPay,7933.67
TR000655,MAT00368,LOC02,2025-11-09,Deposit,4769.89,InfoTrack,4769.89
TR000656,MAT00369,LOC02,2025-07-17,Deposit,8785.74,Manual/LEAP,8785.74
TR000657,MAT00370,LOC01,2024-09-13,Disbursement payment,-372.17,Manual/LEAP,-372.17
TR000658,MAT00370,LOC01,2024-09-19,Transfer to office (billing),-2310.97,InfoTrack,-2683.14
TR000659,MAT00371,LOC01,2025-04-18,Disbursement payment,-887.01,CommBiz,-887.01
TR000660,MAT00371,LOC01,2025-05-09,Transfer to office (billing),-3849.12,Manual/LEAP,-4736.13
TR000661,MAT00371,LOC01,2025-12-17,Deposit,26820.71,Manual/LEAP,22084.58
TR000662,MAT00371,LOC01,2025-06-26,Disbursement payment,-564.43,CommBiz,21520.15
TR000663,MAT00371,LOC01,2025-05-13,Deposit,12517.41,InfoTrack,34037.56
TR000664,MAT00372,LOC01,2024-08-28,Deposit,27069.5,CommBiz,27069.5
TR000665,MAT00372,LOC01,2024-09-30,Disbursement payment,-845.76,CommBiz,26223.74
TR000666,MAT00373,LOC01,2024-07-22,Disbursement payment,-1587.14,InfoTrack,-1587.14
TR000667,MAT00374,LOC01,2025-06-30,Disbursement payment,-528.01,InfoTrack,-528.01
TR000668,MAT00374,LOC01,2025-09-12,Transfer to office (billing),-3416.17,Manual/LEAP,-3944.18
TR000669,MAT00374,LOC01,2025-05-20,Transfer to office (billing),-6411.05,CommBiz,-10355.23
TR000670,MAT00375,LOC01,2025-06-14,Disbursement payment,-278.58,RapidPay,-278.58
TR000671,MAT00375,LOC01,2025-06-23,Disbursement payment,-1202.58,RapidPay,-1481.16
TR000672,MAT00376,LOC02,2025-08-16,Deposit,10256.79,CommBiz,10256.79
TR000673,MAT00378,LOC01,2024-05-26,Disbursement payment,-519.01,CommBiz,-519.01
TR000674,MAT00378,LOC01,2024-08-23,Deposit,11264.99,Manual/LEAP,10745.98
TR000675,MAT00379,LOC01,2024-12-27,Deposit,7006.02,RapidPay,7006.02
TR000676,MAT00379,LOC01,2024-10-14,Deposit,2681.68,RapidPay,9687.7
TR000677,MAT00379,LOC01,2024-11-25,Deposit,2927.05,CommBiz,12614.75
TR000678,MAT00380,LOC01,2024-06-01,Disbursement payment,-751.07,RapidPay,-751.07
TR000679,MAT00380,LOC01,2024-03-27,Disbursement payment,-348.73,CommBiz,-1099.8
TR000680,MAT00381,LOC01,2024-08-30,Disbursement payment,-411.45,CommBiz,-411.45
TR000681,MAT00382,LOC01,2025-03-26,Deposit,23019.49,InfoTrack,23019.49
TR000682,MAT00382,LOC01,2025-03-24,Deposit,6743.96,CommBiz,29763.45
TR000683,MAT00382,LOC01,2025-08-24,Disbursement payment,-708.24,InfoTrack,29055.21
TR000684,MAT00382,LOC01,2025-02-05,Disbursement payment,-252.04,Manual/LEAP,28803.17
TR000685,MAT00382,LOC01,2025-08-16,Disbursement payment,-236.43,CommBiz,28566.74
TR000686,MAT00384,LOC02,2024-06-09,Deposit,33282.46,RapidPay,33282.46
TR000687,MAT00385,LOC01,2024-03-01,Disbursement payment,-1189.04,CommBiz,-1189.04
TR000688,MAT00385,LOC01,2024-03-21,Deposit,27795.15,CommBiz,26606.11
TR000689,MAT00385,LOC01,2024-04-06,Deposit,15225.93,CommBiz,41832.04
TR000690,MAT00386,LOC01,2025-08-17,Disbursement payment,-2200.49,InfoTrack,-2200.49
TR000691,MAT00386,LOC01,2025-10-09,Transfer to office (billing),-3552.64,CommBiz,-5753.13
TR000692,MAT00386,LOC01,2025-07-18,Disbursement payment,-944.76,RapidPay,-6697.89
TR000693,MAT00386,LOC01,2025-09-09,Transfer to office (billing),-3122.32,InfoTrack,-9820.21
TR000694,MAT00387,LOC01,2024-09-29,Disbursement payment,-691.62,Manual/LEAP,-691.62
TR000695,MAT00387,LOC01,2024-07-09,Disbursement payment,-1065.8,CommBiz,-1757.42
TR000696,MAT00387,LOC01,2024-05-08,Transfer to office (billing),-5097.32,CommBiz,-6854.74
TR000697,MAT00388,LOC02,2025-07-27,Transfer to office (billing),-4108.61,CommBiz,-4108.61
TR000698,MAT00389,LOC01,2025-01-17,Deposit,14566.76,InfoTrack,14566.76
TR000699,MAT00389,LOC01,2024-12-28,Transfer to office (billing),-888.1,Manual/LEAP,13678.66
TR000700,MAT00389,LOC01,2024-12-31,Deposit,19298.74,InfoTrack,32977.4
TR000701,MAT00390,LOC02,2025-03-12,Deposit,10570.47,InfoTrack,10570.47
TR000702,MAT00390,LOC02,2025-06-05,Disbursement payment,-1049.26,CommBiz,9521.21
TR000703,MAT00390,LOC02,2025-05-31,Deposit,10860.79,Manual/LEAP,20382.0
TR000704,MAT00392,LOC02,2025-09-12,Deposit,4074.97,CommBiz,4074.97
TR000705,MAT00393,LOC02,2024-10-18,Deposit,2847.2,CommBiz,2847.2
TR000706,MAT00394,LOC01,2025-11-30,Transfer to office (billing),-1966.32,CommBiz,-1966.32
TR000707,MAT00394,LOC01,2025-11-28,Disbursement payment,-178.28,InfoTrack,-2144.6
TR000708,MAT00395,LOC01,2024-12-16,Disbursement payment,-486.27,RapidPay,-486.27
TR000709,MAT00395,LOC01,2025-06-26,Deposit,5559.6,CommBiz,5073.33
TR000710,MAT00395,LOC01,2024-12-30,Deposit,6025.02,RapidPay,11098.35
TR000711,MAT00396,LOC01,2024-06-22,Deposit,5483.07,Manual/LEAP,5483.07
TR000712,MAT00397,LOC01,2024-11-09,Disbursement payment,-1305.25,CommBiz,-1305.25
TR000713,MAT00397,LOC01,2025-01-11,Deposit,6990.63,Manual/LEAP,5685.38
TR000714,MAT00398,LOC01,2025-08-04,Deposit,16011.98,RapidPay,16011.98
TR000715,MAT00398,LOC01,2025-07-27,Deposit,18891.19,Manual/LEAP,34903.17
TR000716,MAT00398,LOC01,2025-07-29,Deposit,14696.15,CommBiz,49599.32
TR000717,MAT00399,LOC01,2024-07-25,Disbursement payment,-244.45,CommBiz,-244.45
TR000718,MAT00399,LOC01,2024-07-12,Disbursement payment,-871.44,Manual/LEAP,-1115.89
TR000719,MAT00399,LOC01,2024-07-25,Deposit,12889.63,RapidPay,11773.74
TR000720,MAT00401,LOC02,2025-07-11,Deposit,7657.03,CommBiz,7657.03
TR000721,MAT00402,LOC02,2024-07-27,Transfer to office (billing),-5606.19,RapidPay,-5606.19
TR000722,MAT00403,LOC01,2025-09-27,Disbursement payment,-705.59,CommBiz,-705.59
TR000723,MAT00404,LOC01,2025-05-19,Disbursement payment,-813.88,Manual/LEAP,-813.88
TR000724,MAT00404,LOC01,2025-08-14,Transfer to office (billing),-1683.31,CommBiz,-2497.19
TR000725,MAT00405,LOC01,2024-06-27,Disbursement payment,-435.66,Manual/LEAP,-435.66
TR000726,MAT00405,LOC01,2024-11-05,Transfer to office (billing),-1604.63,Manual/LEAP,-2040.29
TR000727,MAT00405,LOC01,2024-08-18,Disbursement payment,-572.2,CommBiz,-2612.49
TR000728,MAT00406,LOC01,2025-03-05,Deposit,13592.35,CommBiz,13592.35
TR000729,MAT00406,LOC01,2025-01-24,Transfer to office (billing),-1496.7,CommBiz,12095.65
TR000730,MAT00406,LOC01,2024-12-27,Disbursement payment,-381.98,CommBiz,11713.67
TR000731,MAT00407,LOC02,2025-01-13,Deposit,9176.09,CommBiz,9176.09
TR000732,MAT00408,LOC01,2025-08-18,Disbursement payment,-190.37,Manual/LEAP,-190.37
TR000733,MAT00409,LOC02,2024-04-19,Deposit,12778.48,CommBiz,12778.48
TR000734,MAT00409,LOC02,2024-03-13,Disbursement payment,-354.36,CommBiz,12424.12
TR000735,MAT00409,LOC02,2024-04-08,Transfer to office (billing),-3373.36,RapidPay,9050.76
TR000736,MAT00410,LOC01,2024-08-25,Disbursement payment,-1556.24,CommBiz,-1556.24
TR000737,MAT00410,LOC01,2024-08-24,Disbursement payment,-1696.63,CommBiz,-3252.87
TR000738,MAT00411,LOC02,2024-03-26,Disbursement payment,-527.56,CommBiz,-527.56
TR000739,MAT00411,LOC02,2024-11-22,Deposit,10874.11,RapidPay,10346.55
TR000740,MAT00412,LOC01,2024-08-25,Deposit,3233.41,CommBiz,3233.41
TR000741,MAT00413,LOC01,2025-03-20,Transfer to office (billing),-1364.62,InfoTrack,-1364.62
TR000742,MAT00413,LOC01,2025-05-12,Deposit,8703.35,RapidPay,7338.73
TR000743,MAT00414,LOC01,2025-12-31,Deposit,21461.23,Manual/LEAP,21461.23
TR000744,MAT00414,LOC01,2025-11-23,Transfer to office (billing),-4963.48,InfoTrack,16497.75
TR000745,MAT00415,LOC01,2025-08-17,Deposit,10881.57,InfoTrack,10881.57
TR000746,MAT00415,LOC01,2025-09-21,Disbursement payment,-1088.72,CommBiz,9792.85
TR000747,MAT00416,LOC02,2025-11-16,Deposit,12971.48,Manual/LEAP,12971.48
TR000748,MAT00417,LOC02,2025-07-30,Disbursement payment,-414.92,CommBiz,-414.92
TR000749,MAT00417,LOC02,2025-09-10,Disbursement payment,-367.92,RapidPay,-782.84
TR000750,MAT00418,LOC01,2024-08-18,Transfer to office (billing),-5163.82,CommBiz,-5163.82
TR000751,MAT00418,LOC01,2025-04-13,Deposit,6139.35,RapidPay,975.53
TR000752,MAT00418,LOC01,2024-10-21,Deposit,16913.34,CommBiz,17888.87
TR000753,MAT00418,LOC01,2025-06-01,Deposit,10636.4,RapidPay,28525.27
TR000754,MAT00419,LOC01,2025-11-16,Deposit,6825.72,RapidPay,6825.72
TR000755,MAT00420,LOC02,2025-11-25,Disbursement payment,-758.32,CommBiz,-758.32
TR000756,MAT00420,LOC02,2025-12-27,Disbursement payment,-604.94,CommBiz,-1363.26
TR000757,MAT00421,LOC01,2025-08-14,Deposit,2274.84,Manual/LEAP,2274.84
TR000758,MAT00422,LOC01,2025-11-19,Deposit,6661.17,InfoTrack,6661.17
TR000759,MAT00423,LOC01,2024-07-02,Disbursement payment,-766.18,CommBiz,-766.18
TR000760,MAT00423,LOC01,2024-06-19,Disbursement payment,-580.65,RapidPay,-1346.83
TR000761,MAT00423,LOC01,2024-07-12,Disbursement payment,-85.8,Manual/LEAP,-1432.63
TR000762,MAT00424,LOC01,2024-09-29,Disbursement payment,-1910.71,InfoTrack,-1910.71
TR000763,MAT00424,LOC01,2024-09-11,Deposit,3920.3,InfoTrack,2009.59
TR000764,MAT00425,LOC01,2024-05-14,Transfer to office (billing),-1960.47,CommBiz,-1960.47
TR000765,MAT00425,LOC01,2024-04-30,Deposit,20645.12,CommBiz,18684.65
TR000766,MAT00427,LOC01,2025-02-11,Deposit,3425.62,InfoTrack,3425.62
TR000767,MAT00429,LOC01,2025-09-23,Deposit,11960.53,CommBiz,11960.53
TR000768,MAT00429,LOC01,2025-09-22,Deposit,11762.61,CommBiz,23723.14
TR000769,MAT00429,LOC01,2025-03-16,Transfer to office (billing),-2291.78,Manual/LEAP,21431.36
TR000770,MAT00429,LOC01,2025-03-22,Deposit,3928.52,CommBiz,25359.88
TR000771,MAT00432,LOC01,2024-12-27,Disbursement payment,-423.7,RapidPay,-423.7
TR000772,MAT00432,LOC01,2025-04-13,Deposit,19241.7,CommBiz,18818.0
TR000773,MAT00433,LOC01,2025-04-26,Disbursement payment,-963.23,CommBiz,-963.23
TR000774,MAT00434,LOC02,2025-04-07,Transfer to office (billing),-3511.29,CommBiz,-3511.29
TR000775,MAT00434,LOC02,2025-03-15,Transfer to office (billing),-1578.9,CommBiz,-5090.19
TR000776,MAT00435,LOC02,2024-05-07,Deposit,6771.19,Manual/LEAP,6771.19
TR000777,MAT00435,LOC02,2024-05-06,Deposit,8563.36,Manual/LEAP,15334.55
TR000778,MAT00435,LOC02,2024-08-20,Disbursement payment,-1161.03,CommBiz,14173.52
TR000779,MAT00436,LOC01,2024-10-05,Deposit,3412.03,Manual/LEAP,3412.03
TR000780,MAT00436,LOC01,2024-11-25,Deposit,10586.92,CommBiz,13998.95
TR000781,MAT00436,LOC01,2024-09-10,Transfer to office (billing),-3440.77,InfoTrack,10558.18
TR000782,MAT00436,LOC01,2024-10-21,Disbursement payment,-674.65,CommBiz,9883.53
TR000783,MAT00436,LOC01,2025-02-17,Disbursement payment,-320.9,CommBiz,9562.63
TR000784,MAT00437,LOC01,2025-10-27,Transfer to office (billing),-1720.67,InfoTrack,-1720.67
TR000785,MAT00437,LOC01,2025-12-15,Transfer to office (billing),-3967.42,InfoTrack,-5688.09
TR000786,MAT00437,LOC01,2025-10-08,Disbursement payment,-163.99,Manual/LEAP,-5852.08
TR000787,MAT00438,LOC01,2025-02-28,Disbursement payment,-525.79,Manual/LEAP,-525.79
TR000788,MAT00439,LOC01,2024-08-08,Deposit,11901.66,Manual/LEAP,11901.66
TR000789,MAT00439,LOC01,2024-08-12,Disbursement payment,-209.13,InfoTrack,11692.53
TR000790,MAT00440,LOC01,2025-10-14,Deposit,16878.32,CommBiz,16878.32
TR000791,MAT00441,LOC01,2025-08-03,Disbursement payment,-1214.67,CommBiz,-1214.67
TR000792,MAT00441,LOC01,2025-04-05,Deposit,8760.16,RapidPay,7545.49
TR000793,MAT00441,LOC01,2025-08-22,Deposit,4433.34,Manual/LEAP,11978.83
TR000794,MAT00442,LOC01,2025-01-04,Transfer to office (billing),-2285.43,InfoTrack,-2285.43
TR000795,MAT00442,LOC01,2025-02-23,Disbursement payment,-1647.28,CommBiz,-3932.71
TR000796,MAT00442,LOC01,2025-02-20,Disbursement payment,-274.62,RapidPay,-4207.33
TR000797,MAT00443,LOC02,2025-05-11,Deposit,10269.53,CommBiz,10269.53
TR000798,MAT00444,LOC01,2024-10-10,Disbursement payment,-637.81,CommBiz,-637.81
TR000799,MAT00444,LOC01,2024-09-19,Deposit,4631.33,Manual/LEAP,3993.52
TR000800,MAT00445,LOC01,2025-02-18,Disbursement payment,-482.9,CommBiz,-482.9
TR000801,MAT00448,LOC01,2025-02-05,Disbursement payment,-898.86,RapidPay,-898.86
TR000802,MAT00448,LOC01,2025-05-24,Deposit,19093.01,InfoTrack,18194.15
TR000803,MAT00448,LOC01,2025-05-06,Deposit,1538.18,InfoTrack,19732.33
TR000804,MAT00449,LOC02,2025-10-25,Disbursement payment,-730.94,Manual/LEAP,-730.94
TR000805,MAT00449,LOC02,2025-10-12,Deposit,10268.03,RapidPay,9537.09
TR000806,MAT00449,LOC02,2025-10-10,Disbursement payment,-582.59,Manual/LEAP,8954.5
TR000807,MAT00449,LOC02,2025-10-25,Transfer to office (billing),-1144.88,Manual/LEAP,7809.62
TR000808,MAT00449,LOC02,2025-11-18,Disbursement payment,-535.69,CommBiz,7273.93
TR000809,MAT00450,LOC01,2025-09-13,Disbursement payment,-1406.54,CommBiz,-1406.54
TR000810,MAT00450,LOC01,2025-09-18,Deposit,7799.15,RapidPay,6392.61
TR000811,MAT00450,LOC01,2025-09-23,Deposit,4625.01,CommBiz,11017.62
TR000812,MAT00450,LOC01,2025-08-27,Transfer to office (billing),-4367.89,RapidPay,6649.73
TR000813,MAT00451,LOC01,2025-10-12,Disbursement payment,-1434.2,InfoTrack,-1434.2
TR000814,MAT00451,LOC01,2025-09-30,Disbursement payment,-941.54,RapidPay,-2375.74
TR000815,MAT00451,LOC01,2025-11-07,Deposit,10554.24,RapidPay,8178.5
TR000816,MAT00451,LOC01,2025-11-01,Deposit,22989.79,CommBiz,31168.29
TR000817,MAT00451,LOC01,2025-12-10,Deposit,12286.36,Manual/LEAP,43454.65
TR000818,MAT00452,LOC01,2025-01-12,Deposit,2839.26,Manual/LEAP,2839.26
TR000819,MAT00452,LOC01,2024-06-21,Deposit,71803.82,CommBiz,74643.08
TR000820,MAT00452,LOC01,2024-04-02,Deposit,7064.71,InfoTrack,81707.79
TR000821,MAT00452,LOC01,2024-08-04,Disbursement payment,-415.87,CommBiz,81291.92
TR000822,MAT00453,LOC01,2024-07-02,Transfer to office (billing),-2131.79,InfoTrack,-2131.79
TR000823,MAT00455,LOC02,2025-11-14,Deposit,13088.62,RapidPay,13088.62
TR000824,MAT00456,LOC01,2025-06-25,Transfer to office (billing),-2690.9,InfoTrack,-2690.9
TR000825,MAT00456,LOC01,2025-07-04,Disbursement payment,-909.64,CommBiz,-3600.54
TR000826,MAT00456,LOC01,2025-06-30,Transfer to office (billing),-1503.13,CommBiz,-5103.67
TR000827,MAT00458,LOC01,2024-09-22,Deposit,9763.01,CommBiz,9763.01
TR000828,MAT00458,LOC01,2024-10-28,Deposit,1313.34,RapidPay,11076.35
TR000829,MAT00458,LOC01,2024-10-26,Transfer to office (billing),-2419.99,CommBiz,8656.36
TR000830,MAT00458,LOC01,2024-08-20,Disbursement payment,-653.32,InfoTrack,8003.04
TR000831,MAT00458,LOC01,2024-07-19,Transfer to office (billing),-4289.58,CommBiz,3713.46
TR000832,MAT00459,LOC01,2025-02-13,Deposit,5880.92,InfoTrack,5880.92
TR000833,MAT00460,LOC01,2024-12-09,Deposit,32320.99,CommBiz,32320.99
TR000834,MAT00461,LOC01,2024-06-30,Disbursement payment,-475.28,RapidPay,-475.28
TR000835,MAT00461,LOC01,2024-08-15,Deposit,8025.44,Manual/LEAP,7550.16
TR000836,MAT00461,LOC01,2024-06-12,Transfer to office (billing),-2842.71,CommBiz,4707.45
TR000837,MAT00462,LOC02,2025-11-26,Disbursement payment,-431.06,RapidPay,-431.06
TR000838,MAT00462,LOC02,2025-12-16,Disbursement payment,-261.77,CommBiz,-692.83
TR000839,MAT00463,LOC01,2025-12-11,Deposit,6102.33,CommBiz,6102.33
TR000840,MAT00463,LOC01,2025-11-02,Deposit,5038.81,CommBiz,11141.14
TR000841,MAT00463,LOC01,2025-11-29,Disbursement payment,-542.39,CommBiz,10598.75
TR000842,MAT00464,LOC02,2025-12-27,Deposit,7214.61,RapidPay,7214.61
TR000843,MAT00465,LOC01,2024-12-17,Deposit,10056.35,CommBiz,10056.35
TR000844,MAT00465,LOC01,2024-05-22,Disbursement payment,-1513.92,RapidPay,8542.43
TR000845,MAT00465,LOC01,2024-11-02,Disbursement payment,-452.41,CommBiz,8090.02
TR000846,MAT00465,LOC01,2024-09-27,Transfer to office (billing),-3631.23,InfoTrack,4458.79
TR000847,MAT00466,LOC01,2024-08-29,Transfer to office (billing),-4087.29,Manual/LEAP,-4087.29
TR000848,MAT00468,LOC01,2024-01-16,Deposit,19111.19,InfoTrack,19111.19
TR000849,MAT00468,LOC01,2024-01-10,Deposit,2167.41,InfoTrack,21278.6
TR000850,MAT00468,LOC01,2024-01-08,Deposit,7992.08,CommBiz,29270.68
TR000851,MAT00469,LOC01,2025-01-23,Disbursement payment,-274.12,CommBiz,-274.12
TR000852,MAT00469,LOC01,2025-02-10,Deposit,4663.79,InfoTrack,4389.67
TR000853,MAT00470,LOC02,2025-11-23,Transfer to office (billing),-1762.63,RapidPay,-1762.63
TR000854,MAT00470,LOC02,2025-12-08,Deposit,4983.26,CommBiz,3220.63
TR000855,MAT00470,LOC02,2025-11-25,Transfer to office (billing),-5116.91,InfoTrack,-1896.28
TR000856,MAT00472,LOC01,2024-12-30,Deposit,3301.79,CommBiz,3301.79
TR000857,MAT00472,LOC01,2025-08-26,Disbursement payment,-365.07,CommBiz,2936.72
TR000858,MAT00472,LOC01,2025-02-08,Deposit,7452.88,CommBiz,10389.6
TR000859,MAT00473,LOC02,2025-11-25,Deposit,9612.72,InfoTrack,9612.72
TR000860,MAT00475,LOC01,2025-02-18,Deposit,5830.86,CommBiz,5830.86
TR000861,MAT00475,LOC01,2025-03-16,Disbursement payment,-1279.75,CommBiz,4551.11
TR000862,MAT00475,LOC01,2025-03-06,Deposit,5735.86,InfoTrack,10286.97
TR000863,MAT00476,LOC01,2024-12-14,Transfer to office (billing),-570.95,CommBiz,-570.95
TR000864,MAT00477,LOC01,2025-06-22,Disbursement payment,-2710.67,CommBiz,-2710.67
TR000865,MAT00477,LOC01,2025-03-04,Transfer to office (billing),-1418.1,CommBiz,-4128.77
TR000866,MAT00478,LOC01,2025-03-24,Transfer to office (billing),-1602.83,Manual/LEAP,-1602.83
TR000867,MAT00478,LOC01,2024-12-09,Disbursement payment,-1630.76,RapidPay,-3233.59
TR000868,MAT00479,LOC01,2025-09-01,Transfer to office (billing),-2703.7,RapidPay,-2703.7
TR000869,MAT00480,LOC01,2025-05-02,Transfer to office (billing),-6444.47,Manual/LEAP,-6444.47
TR000870,MAT00481,LOC02,2025-10-11,Transfer to office (billing),-1273.38,InfoTrack,-1273.38
TR000871,MAT00481,LOC02,2025-07-17,Deposit,4159.88,RapidPay,2886.5
TR000872,MAT00481,LOC02,2025-07-21,Deposit,17238.58,RapidPay,20125.08
TR000873,MAT00482,LOC02,2024-05-02,Disbursement payment,-412.05,RapidPay,-412.05
TR000874,MAT00482,LOC02,2024-03-20,Deposit,11023.62,InfoTrack,10611.57
TR000875,MAT00482,LOC02,2024-03-30,Deposit,12526.56,CommBiz,23138.13
TR000876,MAT00483,LOC02,2024-11-27,Deposit,9231.26,RapidPay,9231.26
TR000877,MAT00483,LOC02,2024-12-21,Deposit,10076.9,RapidPay,19308.16
TR000878,MAT00484,LOC02,2025-09-29,Transfer to office (billing),-1763.41,InfoTrack,-1763.41
TR000879,MAT00484,LOC02,2025-09-29,Deposit,5405.43,InfoTrack,3642.02
TR000880,MAT00484,LOC02,2025-12-01,Deposit,7890.05,CommBiz,11532.07
TR000881,MAT00485,LOC02,2024-12-13,Deposit,7770.31,InfoTrack,7770.31
TR000882,MAT00486,LOC01,2024-09-21,Deposit,17003.43,RapidPay,17003.43
TR000883,MAT00486,LOC01,2024-08-04,Deposit,3808.48,InfoTrack,20811.91
TR000884,MAT00486,LOC01,2024-11-09,Deposit,9772.55,CommBiz,30584.46
TR000885,MAT00486,LOC01,2024-04-08,Transfer to office (billing),-1249.43,Manual/LEAP,29335.03
TR000886,MAT00486,LOC01,2024-10-16,Transfer to office (billing),-3491.75,CommBiz,25843.28
TR000887,MAT00488,LOC02,2025-10-12,Transfer to office (billing),-2216.37,CommBiz,-2216.37
TR000888,MAT00488,LOC02,2025-12-21,Transfer to office (billing),-1190.32,InfoTrack,-3406.69
TR000889,MAT00488,LOC02,2025-10-16,Disbursement payment,-324.16,CommBiz,-3730.85
TR000890,MAT00489,LOC01,2024-06-07,Deposit,15980.32,CommBiz,15980.32
TR000891,MAT00489,LOC01,2024-07-04,Disbursement payment,-223.34,Manual/LEAP,15756.98
TR000892,MAT00489,LOC01,2024-07-11,Transfer to office (billing),-2613.93,CommBiz,13143.05
TR000893,MAT00490,LOC01,2025-03-19,Disbursement payment,-304.78,Manual/LEAP,-304.78
TR000894,MAT00490,LOC01,2025-03-18,Transfer to office (billing),-468.68,Manual/LEAP,-773.46
TR000895,MAT00490,LOC01,2025-03-09,Disbursement payment,-2026.89,CommBiz,-2800.35
TR000896,MAT00491,LOC01,2024-09-28,Disbursement payment,-2368.34,CommBiz,-2368.34
TR000897,MAT00491,LOC01,2024-06-07,Disbursement payment,-1139.71,CommBiz,-3508.05
TR000898,MAT00492,LOC01,2025-09-20,Deposit,34494.66,RapidPay,34494.66
TR000899,MAT00493,LOC02,2024-07-15,Disbursement payment,-1725.61,RapidPay,-1725.61
TR000900,MAT00493,LOC02,2024-03-04,Deposit,9816.23,CommBiz,8090.62
TR000901,MAT00494,LOC02,2024-11-17,Transfer to office (billing),-2176.91,RapidPay,-2176.91
TR000902,MAT00494,LOC02,2024-10-01,Deposit,16260.95,CommBiz,14084.04
TR000903,MAT00494,LOC02,2024-10-03,Transfer to office (billing),-3478.6,Manual/LEAP,10605.44
TR000904,MAT00495,LOC02,2025-12-06,Disbursement payment,-171.73,RapidPay,-171.73
TR000905,MAT00496,LOC01,2024-12-29,Deposit,8179.46,Manual/LEAP,8179.46
TR000906,MAT00496,LOC01,2025-03-01,Disbursement payment,-275.58,RapidPay,7903.88
TR000907,MAT00498,LOC02,2024-12-06,Disbursement payment,-639.79,InfoTrack,-639.79
TR000908,MAT00498,LOC02,2024-11-14,Deposit,14937.59,InfoTrack,14297.8
TR000909,MAT00499,LOC02,2025-03-12,Deposit,7967.0,RapidPay,7967.0
TR000910,MAT00499,LOC02,2025-02-07,Transfer to office (billing),-1906.83,RapidPay,6060.17
TR000911,MAT00499,LOC02,2024-04-23,Deposit,13784.99,Manual/LEAP,19845.16
TR000912,MAT00501,LOC02,2025-04-22,Deposit,3612.49,Manual/LEAP,3612.49
TR000913,MAT00501,LOC02,2024-08-21,Deposit,3074.12,CommBiz,6686.61
TR000914,MAT00501,LOC02,2025-03-19,Deposit,5791.94,Manual/LEAP,12478.55
TR000915,MAT00502,LOC01,2025-04-13,Disbursement payment,-369.29,CommBiz,-369.29
TR000916,MAT00502,LOC01,2025-04-01,Deposit,6967.22,Manual/LEAP,6597.93
TR000917,MAT00503,LOC02,2025-07-18,Transfer to office (billing),-4671.89,RapidPay,-4671.89
TR000918,MAT00504,LOC01,2025-09-20,Transfer to office (billing),-3445.88,CommBiz,-3445.88
TR000919,MAT00504,LOC01,2025-09-20,Disbursement payment,-1070.96,CommBiz,-4516.84
TR000920,MAT00505,LOC02,2024-12-09,Transfer to office (billing),-1262.87,InfoTrack,-1262.87
TR000921,MAT00505,LOC02,2024-08-19,Deposit,8799.81,Manual/LEAP,7536.94
TR000922,MAT00505,LOC02,2024-07-29,Deposit,17690.48,RapidPay,25227.42
TR000923,MAT00505,LOC02,2024-12-02,Deposit,6332.11,InfoTrack,31559.53
TR000924,MAT00506,LOC01,2025-08-16,Disbursement payment,-139.29,CommBiz,-139.29
TR000925,MAT00507,LOC02,2025-02-07,Deposit,15194.98,InfoTrack,15194.98
TR000926,MAT00507,LOC02,2024-12-07,Deposit,5548.99,Manual/LEAP,20743.97
TR000927,MAT00507,LOC02,2025-01-10,Transfer to office (billing),-3870.31,CommBiz,16873.66
TR000928,MAT00509,LOC01,2024-10-30,Deposit,7333.0,CommBiz,7333.0
TR000929,MAT00510,LOC02,2024-12-21,Deposit,6066.09,CommBiz,6066.09
TR000930,MAT00510,LOC02,2025-01-06,Disbursement payment,-2478.05,CommBiz,3588.04
TR000931,MAT00511,LOC02,2024-07-29,Transfer to office (billing),-897.63,RapidPay,-897.63
TR000932,MAT00511,LOC02,2024-08-02,Disbursement payment,-567.69,InfoTrack,-1465.32
TR000933,MAT00511,LOC02,2024-10-22,Transfer to office (billing),-8359.98,CommBiz,-9825.3
TR000934,MAT00512,LOC02,2025-05-26,Deposit,7131.53,RapidPay,7131.53
TR000935,MAT00512,LOC02,2025-05-20,Deposit,8544.22,InfoTrack,15675.75
TR000936,MAT00512,LOC02,2025-05-25,Disbursement payment,-1126.62,CommBiz,14549.13
TR000937,MAT00512,LOC02,2025-05-14,Transfer to office (billing),-1690.94,RapidPay,12858.19
TR000938,MAT00513,LOC02,2025-11-14,Deposit,9411.3,InfoTrack,9411.3
TR000939,MAT00514,LOC01,2025-10-30,Disbursement payment,-747.72,CommBiz,-747.72
TR000940,MAT00514,LOC01,2025-11-26,Disbursement payment,-618.93,CommBiz,-1366.65
TR000941,MAT00515,LOC02,2024-10-14,Transfer to office (billing),-12017.1,InfoTrack,-12017.1
TR000942,MAT00515,LOC02,2024-10-20,Disbursement payment,-3402.94,CommBiz,-15420.04
TR000943,MAT00516,LOC01,2024-03-24,Transfer to office (billing),-2981.44,InfoTrack,-2981.44
TR000944,MAT00516,LOC01,2024-04-28,Deposit,18978.85,CommBiz,15997.41
TR000945,MAT00516,LOC01,2024-02-18,Transfer to office (billing),-2590.11,RapidPay,13407.3
TR000946,MAT00518,LOC01,2025-09-01,Deposit,10758.06,CommBiz,10758.06
TR000947,MAT00518,LOC01,2025-12-04,Transfer to office (billing),-1465.89,Manual/LEAP,9292.17
TR000948,MAT00518,LOC01,2025-10-30,Disbursement payment,-1667.97,CommBiz,7624.2
TR000949,MAT00521,LOC02,2025-05-26,Disbursement payment,-1208.19,Manual/LEAP,-1208.19
TR000950,MAT00521,LOC02,2025-06-20,Disbursement payment,-1416.52,Manual/LEAP,-2624.71
TR000951,MAT00522,LOC02,2024-10-10,Deposit,11717.12,CommBiz,11717.12
TR000952,MAT00522,LOC02,2024-11-04,Transfer to office (billing),-2758.38,CommBiz,8958.74
TR000953,MAT00523,LOC01,2025-04-01,Transfer to office (billing),-1063.9,Manual/LEAP,-1063.9
TR000954,MAT00523,LOC01,2025-03-25,Transfer to office (billing),-2634.24,InfoTrack,-3698.14
TR000955,MAT00523,LOC01,2025-03-29,Deposit,5622.45,Manual/LEAP,1924.31
TR000956,MAT00524,LOC01,2025-04-07,Deposit,17511.28,CommBiz,17511.28
TR000957,MAT00525,LOC01,2024-08-10,Deposit,9419.84,CommBiz,9419.84
TR000958,MAT00526,LOC02,2024-11-16,Deposit,5204.82,Manual/LEAP,5204.82
TR000959,MAT00526,LOC02,2024-11-02,Deposit,6089.52,CommBiz,11294.34
TR000960,MAT00526,LOC02,2024-11-28,Disbursement payment,-310.13,CommBiz,10984.21
TR000961,MAT00529,LOC01,2024-09-30,Transfer to office (billing),-3150.76,Manual/LEAP,-3150.76
TR000962,MAT00529,LOC01,2024-07-20,Deposit,25380.38,CommBiz,22229.62
TR000963,MAT00529,LOC01,2024-11-04,Disbursement payment,-778.89,Manual/LEAP,21450.73
TR000964,MAT00530,LOC02,2024-06-25,Deposit,21795.68,RapidPay,21795.68
TR000965,MAT00530,LOC02,2024-06-29,Transfer to office (billing),-1347.69,RapidPay,20447.99
TR000966,MAT00531,LOC01,2024-07-09,Deposit,7739.15,CommBiz,7739.15
TR000967,MAT00531,LOC01,2024-10-23,Deposit,11158.37,Manual/LEAP,18897.52
TR000968,MAT00531,LOC01,2024-07-10,Deposit,16704.97,Manual/LEAP,35602.49
TR000969,MAT00531,LOC01,2024-09-04,Disbursement payment,-720.35,InfoTrack,34882.14
TR000970,MAT00532,LOC01,2024-04-05,Disbursement payment,-433.69,CommBiz,-433.69
TR000971,MAT00532,LOC01,2024-02-14,Disbursement payment,-585.77,CommBiz,-1019.46
TR000972,MAT00532,LOC01,2024-03-24,Disbursement payment,-639.54,CommBiz,-1659.0
TR000973,MAT00533,LOC01,2024-06-30,Disbursement payment,-95.51,Manual/LEAP,-95.51
TR000974,MAT00534,LOC02,2025-11-11,Deposit,5647.55,CommBiz,5647.55
TR000975,MAT00534,LOC02,2025-11-18,Disbursement payment,-1026.23,Manual/LEAP,4621.32
TR000976,MAT00534,LOC02,2025-09-22,Deposit,13748.55,CommBiz,18369.87
TR000977,MAT00534,LOC02,2025-09-10,Deposit,4644.44,Manual/LEAP,23014.31
TR000978,MAT00534,LOC02,2025-10-17,Deposit,19458.17,RapidPay,42472.48
TR000979,MAT00535,LOC01,2024-08-15,Disbursement payment,-346.12,InfoTrack,-346.12
TR000980,MAT00535,LOC01,2024-09-04,Disbursement payment,-1114.08,InfoTrack,-1460.2
TR000981,MAT00537,LOC01,2025-01-30,Deposit,11136.82,InfoTrack,11136.82
TR000982,MAT00538,LOC01,2024-07-17,Disbursement payment,-974.24,CommBiz,-974.24
TR000983,MAT00539,LOC02,2024-11-19,Disbursement payment,-644.72,CommBiz,-644.72
TR000984,MAT00539,LOC02,2024-08-03,Deposit,10663.48,Manual/LEAP,10018.76
TR000985,MAT00539,LOC02,2024-07-06,Transfer to office (billing),-4714.09,RapidPay,5304.67
TR000986,MAT00540,LOC02,2025-02-03,Disbursement payment,-164.9,Manual/LEAP,-164.9
TR000987,MAT00540,LOC02,2024-05-21,Deposit,5420.12,RapidPay,5255.22
TR000988,MAT00540,LOC02,2024-07-05,Deposit,13286.12,Manual/LEAP,18541.34
TR000989,MAT00540,LOC02,2025-02-27,Disbursement payment,-268.47,CommBiz,18272.87
TR000990,MAT00542,LOC01,2024-11-04,Disbursement payment,-374.04,RapidPay,-374.04
TR000991,MAT00543,LOC01,2024-09-25,Disbursement payment,-247.09,Manual/LEAP,-247.09
TR000992,MAT00544,LOC02,2024-03-16,Deposit,29304.51,RapidPay,29304.51
TR000993,MAT00545,LOC02,2025-03-23,Deposit,11872.32,CommBiz,11872.32
TR000994,MAT00547,LOC01,2024-03-01,Deposit,12868.54,InfoTrack,12868.54
TR000995,MAT00547,LOC01,2024-03-11,Deposit,26763.67,InfoTrack,39632.21
TR000996,MAT00547,LOC01,2024-03-05,Disbursement payment,-401.47,InfoTrack,39230.74
TR000997,MAT00549,LOC02,2025-12-27,Disbursement payment,-693.05,CommBiz,-693.05
TR000998,MAT00549,LOC02,2025-10-03,Transfer to office (billing),-1492.7,Manual/LEAP,-2185.75
TR000999,MAT00549,LOC02,2025-09-08,Deposit,3690.31,Manual/LEAP,1504.56
TR001000,MAT00550,LOC02,2024-12-13,Disbursement payment,-665.42,InfoTrack,-665.42
TR001001,MAT00550,LOC02,2024-11-28,Deposit,3286.55,Manual/LEAP,2621.13
TR001002,MAT00551,LOC02,2025-04-22,Deposit,14555.57,CommBiz,14555.57
TR001003,MAT00552,LOC01,2024-06-26,Disbursement payment,-322.79,CommBiz,-322.79
TR001004,MAT00552,LOC01,2024-10-17,Disbursement payment,-475.0,CommBiz,-797.79
TR001005,MAT00552,LOC01,2024-09-09,Disbursement payment,-723.35,CommBiz,-1521.14
TR001006,MAT00553,LOC02,2025-11-07,Disbursement payment,-708.16,InfoTrack,-708.16
TR001007,MAT00553,LOC02,2025-12-20,Deposit,6012.61,Manual/LEAP,5304.45
TR001008,MAT00553,LOC02,2025-10-11,Disbursement payment,-259.08,CommBiz,5045.37
TR001009,MAT00555,LOC01,2024-08-10,Transfer to office (billing),-2674.32,RapidPay,-2674.32
TR001010,MAT00556,LOC02,2025-10-09,Deposit,4186.46,Manual/LEAP,4186.46
TR001011,MAT00556,LOC02,2025-09-16,Deposit,5071.44,CommBiz,9257.9
TR001012,MAT00557,LOC02,2025-05-14,Transfer to office (billing),-2161.71,InfoTrack,-2161.71
TR001013,MAT00558,LOC01,2025-01-07,Transfer to office (billing),-2741.4,InfoTrack,-2741.4
TR001014,MAT00559,LOC01,2025-08-16,Disbursement payment,-641.23,CommBiz,-641.23
TR001015,MAT00559,LOC01,2025-11-28,Disbursement payment,-818.39,CommBiz,-1459.62
TR001016,MAT00560,LOC01,2024-12-09,Transfer to office (billing),-3640.85,CommBiz,-3640.85
TR001017,MAT00560,LOC01,2024-09-03,Deposit,12455.22,RapidPay,8814.37
TR001018,MAT00561,LOC01,2025-12-01,Transfer to office (billing),-2021.12,CommBiz,-2021.12
TR001019,MAT00562,LOC01,2024-03-21,Disbursement payment,-560.33,Manual/LEAP,-560.33
TR001020,MAT00563,LOC02,2024-10-17,Deposit,14596.09,InfoTrack,14596.09
TR001021,MAT00563,LOC02,2025-01-07,Deposit,5138.39,RapidPay,19734.48
TR001022,MAT00563,LOC02,2024-07-10,Disbursement payment,-476.06,CommBiz,19258.42
TR001023,MAT00564,LOC01,2024-12-07,Disbursement payment,-627.48,CommBiz,-627.48
TR001024,MAT00564,LOC01,2025-01-14,Disbursement payment,-467.88,RapidPay,-1095.36
TR001025,MAT00564,LOC01,2024-12-20,Deposit,10099.25,CommBiz,9003.89
TR001026,MAT00565,LOC01,2024-06-14,Transfer to office (billing),-3557.65,RapidPay,-3557.65
TR001027,MAT00565,LOC01,2024-12-08,Disbursement payment,-236.18,CommBiz,-3793.83
TR001028,MAT00567,LOC01,2025-09-25,Deposit,11139.3,CommBiz,11139.3
TR001029,MAT00567,LOC01,2025-11-26,Disbursement payment,-3335.32,Manual/LEAP,7803.98
TR001030,MAT00568,LOC01,2024-09-26,Deposit,2211.12,Manual/LEAP,2211.12
TR001031,MAT00568,LOC01,2024-09-07,Disbursement payment,-550.58,InfoTrack,1660.54
TR001032,MAT00568,LOC01,2024-10-28,Deposit,4710.28,Manual/LEAP,6370.82
TR001033,MAT00570,LOC01,2024-09-08,Deposit,25409.79,CommBiz,25409.79
TR001034,MAT00570,LOC01,2024-06-07,Deposit,18335.29,CommBiz,43745.08
TR001035,MAT00571,LOC02,2024-06-13,Transfer to office (billing),-4804.43,RapidPay,-4804.43
TR001036,MAT00572,LOC01,2024-12-25,Disbursement payment,-154.95,InfoTrack,-154.95
TR001037,MAT00572,LOC01,2024-08-15,Disbursement payment,-338.68,InfoTrack,-493.63
TR001038,MAT00572,LOC01,2024-11-11,Disbursement payment,-509.26,InfoTrack,-1002.89
TR001039,MAT00572,LOC01,2025-02-04,Deposit,1523.32,CommBiz,520.43
TR001040,MAT00572,LOC01,2024-12-22,Transfer to office (billing),-8519.89,RapidPay,-7999.46
TR001041,MAT00573,LOC02,2024-03-29,Transfer to office (billing),-4122.21,InfoTrack,-4122.21
TR001042,MAT00575,LOC02,2024-11-12,Transfer to office (billing),-1779.85,RapidPay,-1779.85
TR001043,MAT00575,LOC02,2024-11-21,Transfer to office (billing),-3200.42,CommBiz,-4980.27
TR001044,MAT00575,LOC02,2024-11-21,Disbursement payment,-581.4,RapidPay,-5561.67
TR001045,MAT00576,LOC01,2024-06-22,Disbursement payment,-680.04,Manual/LEAP,-680.04
TR001046,MAT00577,LOC02,2025-05-24,Deposit,22464.29,RapidPay,22464.29
TR001047,MAT00578,LOC01,2025-12-29,Disbursement payment,-770.94,Manual/LEAP,-770.94
TR001048,MAT00579,LOC01,2025-11-11,Deposit,6298.04,InfoTrack,6298.04
TR001049,MAT00579,LOC01,2025-11-19,Disbursement payment,-263.15,RapidPay,6034.89
TR001050,MAT00580,LOC01,2024-07-15,Deposit,11488.03,Manual/LEAP,11488.03
TR001051,MAT00580,LOC01,2024-06-30,Deposit,18239.91,InfoTrack,29727.94
TR001052,MAT00580,LOC01,2024-08-10,Deposit,12611.15,CommBiz,42339.09
TR001053,MAT00582,LOC02,2025-12-21,Deposit,16418.36,InfoTrack,16418.36
TR001054,MAT00582,LOC02,2025-12-18,Disbursement payment,-1155.39,CommBiz,15262.97
TR001055,MAT00583,LOC01,2025-01-25,Transfer to office (billing),-2034.59,CommBiz,-2034.59
TR001056,MAT00583,LOC01,2024-12-28,Deposit,10897.77,CommBiz,8863.18
TR001057,MAT00583,LOC01,2025-01-09,Transfer to office (billing),-2805.84,Manual/LEAP,6057.34
TR001058,MAT00583,LOC01,2024-08-11,Disbursement payment,-690.27,InfoTrack,5367.07
TR001059,MAT00583,LOC01,2024-11-12,Deposit,18792.46,CommBiz,24159.53
TR001060,MAT00584,LOC02,2025-05-04,Disbursement payment,-579.19,CommBiz,-579.19
TR001061,MAT00584,LOC02,2025-05-09,Deposit,3727.6,CommBiz,3148.41
TR001062,MAT00585,LOC01,2025-09-07,Disbursement payment,-1937.41,RapidPay,-1937.41
TR001063,MAT00585,LOC01,2025-04-24,Disbursement payment,-1172.67,Manual/LEAP,-3110.08
TR001064,MAT00585,LOC01,2025-08-14,Deposit,3199.08,CommBiz,89.0
TR001065,MAT00586,LOC01,2024-08-05,Disbursement payment,-291.87,RapidPay,-291.87
TR001066,MAT00586,LOC01,2024-08-05,Deposit,10208.71,Manual/LEAP,9916.84
TR001067,MAT00586,LOC01,2024-08-08,Deposit,10615.53,RapidPay,20532.37
TR001068,MAT00587,LOC01,2025-12-03,Disbursement payment,-543.62,CommBiz,-543.62
TR001069,MAT00587,LOC01,2025-12-14,Deposit,4666.43,CommBiz,4122.81
TR001070,MAT00587,LOC01,2025-11-25,Disbursement payment,-919.79,InfoTrack,3203.02
TR001071,MAT00589,LOC01,2025-10-13,Disbursement payment,-783.77,InfoTrack,-783.77
TR001072,MAT00589,LOC01,2025-08-18,Transfer to office (billing),-1127.28,CommBiz,-1911.05
TR001073,MAT00589,LOC01,2025-10-13,Disbursement payment,-718.17,CommBiz,-2629.22
TR001074,MAT00589,LOC01,2025-02-10,Disbursement payment,-1847.9,CommBiz,-4477.12
TR001075,MAT00589,LOC01,2025-10-30,Deposit,5072.41,RapidPay,595.29
TR001076,MAT00590,LOC01,2024-11-06,Deposit,11167.52,CommBiz,11167.52
TR001077,MAT00590,LOC01,2024-12-07,Disbursement payment,-1462.22,CommBiz,9705.3
TR001078,MAT00591,LOC02,2024-08-07,Deposit,8304.94,CommBiz,8304.94
TR001079,MAT00592,LOC01,2024-06-22,Deposit,3682.11,CommBiz,3682.11
TR001080,MAT00594,LOC02,2025-11-27,Disbursement payment,-645.57,CommBiz,-645.57
TR001081,MAT00594,LOC02,2025-09-21,Deposit,6472.6,CommBiz,5827.03
TR001082,MAT00596,LOC01,2024-02-23,Disbursement payment,-135.82,InfoTrack,-135.82
TR001083,MAT00597,LOC02,2025-12-15,Transfer to office (billing),-1766.25,CommBiz,-1766.25
TR001084,MAT00597,LOC02,2025-12-02,Deposit,23998.58,RapidPay,22232.33
TR001085,MAT00599,LOC02,2025-06-16,Disbursement payment,-569.18,CommBiz,-569.18
TR001086,MAT00599,LOC02,2025-10-14,Deposit,9923.3,InfoTrack,9354.12
TR001087,MAT00599,LOC02,2025-08-06,Deposit,5414.33,CommBiz,14768.45
TR001088,MAT00600,LOC01,2025-06-02,Disbursement payment,-848.22,InfoTrack,-848.22
TR001089,MAT00600,LOC01,2025-06-03,Disbursement payment,-1419.81,InfoTrack,-2268.03
TR001090,MAT00601,LOC01,2024-09-06,Disbursement payment,-3808.92,CommBiz,-3808.92
TR001091,MAT00601,LOC01,2024-09-05,Deposit,9365.61,CommBiz,5556.69
TR001092,MAT00601,LOC01,2024-08-31,Deposit,20961.53,CommBiz,26518.22
TR001093,MAT00601,LOC01,2024-09-05,Deposit,15375.87,CommBiz,41894.09
TR001094,MAT00601,LOC01,2024-09-12,Disbursement payment,-1608.03,RapidPay,40286.06
TR001095,MAT00602,LOC01,2025-09-10,Deposit,4329.31,InfoTrack,4329.31
TR001096,MAT00604,LOC02,2025-06-02,Disbursement payment,-375.11,RapidPay,-375.11
TR001097,MAT00604,LOC02,2024-11-11,Transfer to office (billing),-1330.16,RapidPay,-1705.27
TR001098,MAT00604,LOC02,2025-06-17,Deposit,2294.08,CommBiz,588.81
TR001099,MAT00605,LOC01,2024-09-20,Deposit,2288.99,InfoTrack,2288.99
TR001100,MAT00606,LOC02,2025-10-07,Transfer to office (billing),-2279.97,Manual/LEAP,-2279.97
TR001101,MAT00606,LOC02,2025-09-28,Disbursement payment,-1169.14,RapidPay,-3449.11
TR001102,MAT00606,LOC02,2025-10-07,Disbursement payment,-344.08,CommBiz,-3793.19
TR001103,MAT00607,LOC02,2024-11-22,Deposit,7170.25,CommBiz,7170.25
TR001104,MAT00608,LOC01,2025-06-22,Disbursement payment,-529.81,CommBiz,-529.81
TR001105,MAT00608,LOC01,2025-05-07,Transfer to office (billing),-2355.15,Manual/LEAP,-2884.96
TR001106,MAT00608,LOC01,2025-11-10,Transfer to office (billing),-7207.1,Manual/LEAP,-10092.06
TR001107,MAT00609,LOC01,2025-11-09,Deposit,37479.48,InfoTrack,37479.48
TR001108,MAT00609,LOC01,2025-06-15,Transfer to office (billing),-2584.69,RapidPay,34894.79
TR001109,MAT00610,LOC01,2025-04-06,Disbursement payment,-696.26,Manual/LEAP,-696.26
TR001110,MAT00610,LOC01,2025-03-30,Disbursement payment,-1895.52,CommBiz,-2591.78
TR001111,MAT00610,LOC01,2025-04-04,Deposit,13865.23,CommBiz,11273.45
TR001112,MAT00610,LOC01,2025-04-17,Disbursement payment,-573.37,CommBiz,10700.08
TR001113,MAT00611,LOC02,2024-11-26,Disbursement payment,-365.41,InfoTrack,-365.41
TR001114,MAT00611,LOC02,2024-04-18,Deposit,9430.25,RapidPay,9064.84
TR001115,MAT00613,LOC01,2024-12-04,Disbursement payment,-1345.13,RapidPay,-1345.13
TR001116,MAT00614,LOC02,2024-10-09,Transfer to office (billing),-3293.12,CommBiz,-3293.12
TR001117,MAT00614,LOC02,2024-06-12,Disbursement payment,-461.69,CommBiz,-3754.81
TR001118,MAT00614,LOC02,2024-05-16,Transfer to office (billing),-5894.96,CommBiz,-9649.77
TR001119,MAT00615,LOC02,2025-02-23,Deposit,8932.58,Manual/LEAP,8932.58
TR001120,MAT00616,LOC01,2024-10-23,Deposit,13084.05,CommBiz,13084.05
TR001121,MAT00616,LOC01,2025-01-07,Deposit,12353.49,RapidPay,25437.54
TR001122,MAT00616,LOC01,2024-08-24,Transfer to office (billing),-2306.13,InfoTrack,23131.41
TR001123,MAT00617,LOC01,2025-02-24,Deposit,8311.06,InfoTrack,8311.06
TR001124,MAT00618,LOC01,2024-03-20,Disbursement payment,-2222.38,Manual/LEAP,-2222.38
TR001125,MAT00618,LOC01,2024-08-28,Deposit,1101.88,CommBiz,-1120.5
TR001126,MAT00619,LOC01,2025-03-02,Disbursement payment,-751.67,InfoTrack,-751.67
TR001127,MAT00619,LOC01,2025-05-28,Disbursement payment,-651.31,CommBiz,-1402.98
TR001128,MAT00621,LOC01,2025-08-10,Deposit,6242.13,CommBiz,6242.13
TR001129,MAT00623,LOC02,2024-10-14,Deposit,7239.24,InfoTrack,7239.24
TR001130,MAT00623,LOC02,2024-12-17,Transfer to office (billing),-4914.48,RapidPay,2324.76
TR001131,MAT00623,LOC02,2024-11-04,Transfer to office (billing),-1076.64,CommBiz,1248.12
TR001132,MAT00624,LOC02,2025-10-28,Disbursement payment,-1740.46,RapidPay,-1740.46
TR001133,MAT00624,LOC02,2025-12-09,Deposit,12100.23,CommBiz,10359.77
TR001134,MAT00624,LOC02,2025-11-03,Transfer to office (billing),-1088.73,RapidPay,9271.04
TR001135,MAT00624,LOC02,2025-11-27,Deposit,4827.59,RapidPay,14098.63
TR001136,MAT00624,LOC02,2025-12-06,Disbursement payment,-2071.37,Manual/LEAP,12027.26
TR001137,MAT00625,LOC02,2024-10-09,Deposit,40241.35,CommBiz,40241.35
TR001138,MAT00625,LOC02,2024-08-22,Transfer to office (billing),-3719.64,Manual/LEAP,36521.71
TR001139,MAT00625,LOC02,2024-09-08,Deposit,10126.71,RapidPay,46648.42
TR001140,MAT00626,LOC02,2025-05-25,Deposit,15817.66,CommBiz,15817.66
TR001141,MAT00627,LOC02,2024-12-09,Disbursement payment,-332.09,CommBiz,-332.09
TR001142,MAT00628,LOC01,2025-12-03,Deposit,11937.96,CommBiz,11937.96
TR001143,MAT00628,LOC01,2025-09-21,Deposit,3258.04,RapidPay,15196.0
TR001144,MAT00628,LOC01,2025-11-11,Deposit,21712.02,InfoTrack,36908.02
TR001145,MAT00629,LOC01,2025-11-10,Disbursement payment,-154.61,CommBiz,-154.61
TR001146,MAT00629,LOC01,2025-11-24,Disbursement payment,-1327.48,CommBiz,-1482.09
TR001147,MAT00629,LOC01,2025-12-16,Disbursement payment,-1757.67,Manual/LEAP,-3239.76
TR001148,MAT00630,LOC01,2024-08-26,Transfer to office (billing),-2508.24,Manual/LEAP,-2508.24
TR001149,MAT00630,LOC01,2024-09-20,Deposit,9813.74,CommBiz,7305.5
TR001150,MAT00630,LOC01,2024-07-19,Transfer to office (billing),-1802.11,InfoTrack,5503.39
TR001151,MAT00630,LOC01,2024-09-15,Disbursement payment,-565.41,Manual/LEAP,4937.98
TR001152,MAT00631,LOC02,2024-12-12,Disbursement payment,-1090.48,Manual/LEAP,-1090.48
TR001153,MAT00631,LOC02,2025-01-21,Deposit,8916.0,Manual/LEAP,7825.52
TR001154,MAT00632,LOC01,2024-04-29,Deposit,1215.84,RapidPay,1215.84
TR001155,MAT00632,LOC01,2024-11-14,Transfer to office (billing),-6713.49,Manual/LEAP,-5497.65
TR001156,MAT00632,LOC01,2024-12-19,Disbursement payment,-190.02,CommBiz,-5687.67
TR001157,MAT00634,LOC01,2025-09-28,Deposit,21299.56,CommBiz,21299.56
TR001158,MAT00636,LOC01,2025-05-07,Disbursement payment,-503.01,RapidPay,-503.01
TR001159,MAT00636,LOC01,2025-08-27,Transfer to office (billing),-1976.83,Manual/LEAP,-2479.84
TR001160,MAT00636,LOC01,2025-06-27,Transfer to office (billing),-1556.76,CommBiz,-4036.6
TR001161,MAT00636,LOC01,2025-06-04,Transfer to office (billing),-1783.94,Manual/LEAP,-5820.54
TR001162,MAT00636,LOC01,2025-07-07,Transfer to office (billing),-3357.09,InfoTrack,-9177.63
TR001163,MAT00637,LOC02,2025-10-02,Disbursement payment,-244.04,CommBiz,-244.04
TR001164,MAT00637,LOC02,2025-10-13,Deposit,10872.56,CommBiz,10628.52
TR001165,MAT00640,LOC01,2025-03-10,Deposit,9348.0,RapidPay,9348.0
TR001166,MAT00640,LOC01,2025-04-21,Deposit,13088.07,CommBiz,22436.07
TR001167,MAT00640,LOC01,2025-02-10,Deposit,22067.75,CommBiz,44503.82
TR001168,MAT00643,LOC01,2025-12-08,Deposit,2826.45,CommBiz,2826.45
TR001169,MAT00644,LOC01,2024-08-14,Disbursement payment,-419.82,InfoTrack,-419.82
TR001170,MAT00646,LOC01,2025-11-19,Transfer to office (billing),-2226.17,Manual/LEAP,-2226.17
TR001171,MAT00649,LOC02,2025-11-15,Transfer to office (billing),-3222.04,RapidPay,-3222.04
