txn_id,card_type,date,matter_id,merchant,amount,charged_to,location_id
CC000001,Visa,2025-08-23,,Virgin Australia,144.59,Office (firm expense),LOC02
CC000002,Visa,2025-03-24,,Virgin Australia,140.02,Office (firm expense),LOC01
CC000003,Amex,2024-09-16,MAT00037,Council Rates Certificate,263.97,Trust reimbursable,LOC01
CC000004,Amex,2025-03-12,,Dell Technologies,275.29,Office (firm expense),LOC02
CC000005,Amex,2025-05-04,,Microsoft 365,456.23,Office (firm expense),LOC02
CC000006,Visa,2024-07-07,MAT00488,Barrister Brief Fee,1114.26,Trust reimbursable,LOC01
CC000007,Visa,2025-07-23,,Microsoft 365,582.09,Office (firm expense),LOC02
CC000008,Amex,2024-12-12,,Qantas,86.72,Office (firm expense),LOC01
CC000009,Amex,2025-09-16,MAT00577,Process Server,195.9,Trust reimbursable,LOC02
CC000010,Visa,2024-01-22,MAT00458,Court Filing Fee,236.61,Trust reimbursable,LOC01
CC000011,Amex,2024-12-30,,Uber,190.97,Office (firm expense),LOC02
CC000012,Visa,2024-10-18,,Virgin Australia,210.26,Office (firm expense),LOC02
CC000013,Visa,2025-07-03,MAT00115,Title Search Provider,271.09,Trust reimbursable,LOC01
CC000014,Amex,2024-04-25,MAT00580,Council Rates Certificate,921.52,Trust reimbursable,LOC02
CC000015,Amex,2025-05-14,MAT00044,Land Registry Search Fee,1554.83,Trust reimbursable,LOC01
CC000016,Amex,2024-10-21,MAT00005,Council Rates Certificate,319.79,Trust reimbursable,LOC01
CC000017,Visa,2025-08-21,MAT00453,Barrister Brief Fee,86.37,Trust reimbursable,LOC02
CC000018,Visa,2024-10-02,,Virgin Australia,1048.34,Office (firm expense),LOC02
CC000019,Visa,2025-06-10,,LinkedIn Ads,575.59,Office (firm expense),LOC02
CC000020,Amex,2024-09-09,,Microsoft 365,80.22,Office (firm expense),LOC01
CC000021,Amex,2024-04-15,MAT00393,Court Filing Fee,195.82,Trust reimbursable,LOC01
CC000022,Visa,2025-02-17,,Officeworks,104.68,Office (firm expense),LOC01
CC000023,Amex,2025-01-29,,Virgin Australia,189.11,Office (firm expense),LOC01
CC000024,Amex,2025-07-24,,Qantas,113.45,Office (firm expense),LOC02
CC000025,Amex,2025-06-23,MAT00360,Court Filing Fee,59.09,Trust reimbursable,LOC01
CC000026,Visa,2025-06-12,,Dell Technologies,681.18,Office (firm expense),LOC02
CC000027,Amex,2024-11-15,,Dell Technologies,333.08,Office (firm expense),LOC02
CC000028,Amex,2024-11-22,,Officeworks,1694.4,Office (firm expense),LOC01
CC000029,Visa,2025-08-27,MAT00294,Council Rates Certificate,308.28,Trust reimbursable,LOC02
CC000030,Amex,2024-10-11,,CPD Seminar Co,277.01,Office (firm expense),LOC01
CC000031,Amex,2025-12-15,MAT00023,Barrister Brief Fee,88.87,Trust reimbursable,LOC01
CC000032,Visa,2025-01-01,MAT00485,Process Server,179.98,Trust reimbursable,LOC01
CC000033,Amex,2025-07-01,MAT00270,Barrister Brief Fee,1089.6,Trust reimbursable,LOC01
CC000034,Visa,2024-12-25,MAT00544,Land Registry Search Fee,197.58,Trust reimbursable,LOC02
CC000035,Visa,2025-06-20,,Qantas,227.86,Office (firm expense),LOC02
CC000036,Amex,2025-11-10,,Dell Technologies,163.49,Office (firm expense),LOC02
CC000037,Visa,2025-07-09,,Microsoft 365,367.3,Office (firm expense),LOC01
CC000038,Amex,2024-09-09,,Uber,33.67,Office (firm expense),LOC02
CC000039,Visa,2024-03-29,MAT00195,Court Filing Fee,314.9,Trust reimbursable,LOC02
CC000040,Amex,2025-05-15,MAT00488,Title Search Provider,114.66,Trust reimbursable,LOC01
CC000041,Amex,2025-05-26,MAT00332,Court Filing Fee,281.84,Trust reimbursable,LOC02
CC000042,Visa,2024-06-16,MAT00428,Process Server,253.67,Trust reimbursable,LOC02
CC000043,Amex,2024-12-15,,Virgin Australia,260.67,Office (firm expense),LOC02
CC000044,Amex,2024-05-30,,Microsoft 365,173.33,Office (firm expense),LOC01
CC000045,Visa,2025-01-17,MAT00198,Council Rates Certificate,1972.12,Trust reimbursable,LOC01
CC000046,Visa,2024-07-30,MAT00553,Title Search Provider,85.58,Trust reimbursable,LOC01
CC000047,Amex,2025-11-14,,Officeworks,232.02,Office (firm expense),LOC02
CC000048,Amex,2024-12-04,,CPD Seminar Co,787.25,Office (firm expense),LOC01
CC000049,Amex,2025-04-14,MAT00121,Title Search Provider,346.07,Trust reimbursable,LOC01
CC000050,Amex,2024-06-21,MAT00636,Land Registry Search Fee,1182.11,Trust reimbursable,LOC01
CC000051,Amex,2024-11-23,,Microsoft 365,105.65,Office (firm expense),LOC01
CC000052,Amex,2024-01-01,,Dell Technologies,125.87,Office (firm expense),LOC01
CC000053,Visa,2025-02-13,MAT00580,Council Rates Certificate,655.88,Trust reimbursable,LOC02
CC000054,Amex,2025-06-28,MAT00321,Court Filing Fee,634.33,Trust reimbursable,LOC02
CC000055,Visa,2025-03-20,,Uber,145.13,Office (firm expense),LOC02
CC000056,Visa,2025-02-08,,Qantas,128.12,Office (firm expense),LOC01
CC000057,Visa,2025-12-19,MAT00415,Land Registry Search Fee,21.65,Trust reimbursable,LOC01
CC000058,Visa,2025-06-12,,Uber,119.33,Office (firm expense),LOC01
CC000059,Visa,2025-06-30,MAT00434,Land Registry Search Fee,102.75,Trust reimbursable,LOC01
CC000060,Visa,2024-03-24,MAT00217,Court Filing Fee,286.21,Trust reimbursable,LOC02
CC000061,Visa,2024-08-05,,Microsoft 365,190.97,Office (firm expense),LOC01
CC000062,Amex,2024-06-30,MAT00495,Title Search Provider,21.85,Trust reimbursable,LOC01
CC000063,Visa,2024-02-21,,Microsoft 365,277.5,Office (firm expense),LOC01
CC000064,Amex,2024-02-04,,CPD Seminar Co,88.25,Office (firm expense),LOC01
CC000065,Visa,2025-05-02,MAT00129,Barrister Brief Fee,615.98,Trust reimbursable,LOC02
CC000066,Amex,2025-12-21,,Dell Technologies,45.28,Office (firm expense),LOC02
CC000067,Visa,2025-10-13,MAT00145,Title Search Provider,479.67,Trust reimbursable,LOC02
CC000068,Amex,2025-12-14,MAT00218,Title Search Provider,319.52,Trust reimbursable,LOC01
CC000069,Visa,2025-12-29,MAT00172,Barrister Brief Fee,240.22,Trust reimbursable,LOC01
CC000070,Visa,2025-12-07,,Uber,217.05,Office (firm expense),LOC02
CC000071,Amex,2024-07-14,,Qantas,191.11,Office (firm expense),LOC02
CC000072,Visa,2024-11-13,MAT00534,Title Search Provider,213.35,Trust reimbursable,LOC01
CC000073,Visa,2025-10-14,,Qantas,317.17,Office (firm expense),LOC02
CC000074,Amex,2025-10-12,,Qantas,151.03,Office (firm expense),LOC02
CC000075,Amex,2025-02-22,,Uber,109.18,Office (firm expense),LOC02
CC000076,Amex,2025-07-14,MAT00210,Process Server,627.66,Trust reimbursable,LOC02
CC000077,Visa,2025-09-28,MAT00015,Title Search Provider,506.3,Trust reimbursable,LOC02
CC000078,Amex,2024-03-18,,Virgin Australia,93.91,Office (firm expense),LOC02
CC000079,Visa,2025-01-07,MAT00573,Process Server,166.05,Trust reimbursable,LOC01
CC000080,Visa,2024-12-21,MAT00641,Land Registry Search Fee,115.1,Trust reimbursable,LOC01
CC000081,Amex,2024-01-31,MAT00195,Land Registry Search Fee,712.19,Trust reimbursable,LOC02
CC000082,Visa,2024-04-24,,Officeworks,1566.06,Office (firm expense),LOC02
CC000083,Visa,2024-07-15,,CPD Seminar Co,1387.22,Office (firm expense),LOC02
CC000084,Visa,2025-06-21,,Officeworks,86.0,Office (firm expense),LOC01
CC000085,Amex,2024-10-21,,Microsoft 365,163.96,Office (firm expense),LOC01
CC000086,Amex,2024-08-07,,Dell Technologies,139.08,Office (firm expense),LOC01
CC000087,Visa,2024-01-08,MAT00439,Title Search Provider,271.01,Trust reimbursable,LOC01
CC000088,Visa,2025-07-09,MAT00441,Title Search Provider,213.73,Trust reimbursable,LOC02
CC000089,Visa,2024-05-18,,Dell Technologies,171.23,Office (firm expense),LOC01
CC000090,Visa,2024-11-25,MAT00459,Land Registry Search Fee,191.5,Trust reimbursable,LOC02
CC000091,Visa,2024-06-30,,Officeworks,139.27,Office (firm expense),LOC02
CC000092,Amex,2025-01-20,,Dell Technologies,142.28,Office (firm expense),LOC01
CC000093,Amex,2024-10-12,,Microsoft 365,622.56,Office (firm expense),LOC01
CC000094,Amex,2024-03-28,MAT00440,Land Registry Search Fee,565.29,Trust reimbursable,LOC01
CC000095,Amex,2024-12-09,,Microsoft 365,251.55,Office (firm expense),LOC01
CC000096,Amex,2024-06-20,,CPD Seminar Co,108.59,Office (firm expense),LOC01
CC000097,Amex,2025-11-21,,LinkedIn Ads,148.77,Office (firm expense),LOC02
CC000098,Visa,2024-10-08,,Qantas,79.95,Office (firm expense),LOC02
CC000099,Visa,2024-01-23,MAT00633,Court Filing Fee,1161.74,Trust reimbursable,LOC01
CC000100,Amex,2025-08-26,,LinkedIn Ads,453.56,Office (firm expense),LOC02
CC000101,Amex,2025-08-28,,Dell Technologies,262.96,Office (firm expense),LOC01
CC000102,Amex,2024-04-14,MAT00507,Court Filing Fee,376.77,Trust reimbursable,LOC01
CC000103,Amex,2024-02-03,MAT00617,Court Filing Fee,574.63,Trust reimbursable,LOC02
CC000104,Amex,2025-02-11,,CPD Seminar Co,129.36,Office (firm expense),LOC01
CC000105,Amex,2024-05-28,,Microsoft 365,58.09,Office (firm expense),LOC02
CC000106,Visa,2024-07-23,,Microsoft 365,438.1,Office (firm expense),LOC02
CC000107,Amex,2024-07-12,,Dell Technologies,1387.46,Office (firm expense),LOC01
CC000108,Visa,2025-09-12,MAT00160,Council Rates Certificate,170.48,Trust reimbursable,LOC02
CC000109,Visa,2024-07-04,MAT00290,Land Registry Search Fee,213.0,Trust reimbursable,LOC01
CC000110,Amex,2024-04-30,,Virgin Australia,303.47,Office (firm expense),LOC02
CC000111,Visa,2024-07-11,MAT00562,Process Server,261.22,Trust reimbursable,LOC02
CC000112,Visa,2024-04-18,,Virgin Australia,235.33,Office (firm expense),LOC01
CC000113,Visa,2025-12-07,,LinkedIn Ads,73.05,Office (firm expense),LOC01
CC000114,Amex,2024-07-10,,Virgin Australia,89.44,Office (firm expense),LOC02
CC000115,Amex,2025-04-22,MAT00369,Land Registry Search Fee,206.14,Trust reimbursable,LOC01
CC000116,Amex,2024-10-16,MAT00509,Court Filing Fee,105.21,Trust reimbursable,LOC02
CC000117,Visa,2024-09-17,MAT00488,Title Search Provider,109.39,Trust reimbursable,LOC01
CC000118,Amex,2025-03-06,MAT00067,Barrister Brief Fee,81.97,Trust reimbursable,LOC02
CC000119,Amex,2024-01-18,,Uber,161.42,Office (firm expense),LOC02
CC000120,Amex,2024-03-14,,Microsoft 365,83.91,Office (firm expense),LOC02
CC000121,Amex,2024-12-01,,Microsoft 365,218.42,Office (firm expense),LOC01
CC000122,Visa,2025-02-21,,Microsoft 365,166.05,Office (firm expense),LOC02
CC000123,Visa,2024-03-11,,Microsoft 365,354.55,Office (firm expense),LOC01
CC000124,Visa,2024-07-13,MAT00417,Council Rates Certificate,817.81,Trust reimbursable,LOC01
CC000125,Visa,2024-08-25,MAT00602,Land Registry Search Fee,708.79,Trust reimbursable,LOC01
CC000126,Amex,2025-12-07,,LinkedIn Ads,46.76,Office (firm expense),LOC02
CC000127,Amex,2024-07-07,,CPD Seminar Co,55.31,Office (firm expense),LOC01
CC000128,Visa,2025-08-02,MAT00189,Council Rates Certificate,405.13,Trust reimbursable,LOC01
CC000129,Amex,2024-04-14,MAT00644,Barrister Brief Fee,118.52,Trust reimbursable,LOC01
CC000130,Visa,2025-12-01,,Dell Technologies,355.74,Office (firm expense),LOC02
CC000131,Amex,2025-12-26,,Dell Technologies,65.45,Office (firm expense),LOC01
CC000132,Visa,2024-07-20,,CPD Seminar Co,64.65,Office (firm expense),LOC02
CC000133,Visa,2024-06-07,,Dell Technologies,199.33,Office (firm expense),LOC02
CC000134,Visa,2024-01-31,,Virgin Australia,143.2,Office (firm expense),LOC01
CC000135,Visa,2025-12-29,,Officeworks,113.18,Office (firm expense),LOC02
CC000136,Amex,2025-03-29,,Virgin Australia,49.97,Office (firm expense),LOC01
CC000137,Amex,2025-07-23,MAT00426,Council Rates Certificate,357.02,Trust reimbursable,LOC02
CC000138,Visa,2025-10-10,MAT00598,Court Filing Fee,108.75,Trust reimbursable,LOC02
CC000139,Amex,2024-05-13,,Qantas,984.84,Office (firm expense),LOC01
CC000140,Visa,2024-01-07,,Uber,110.48,Office (firm expense),LOC02
CC000141,Visa,2025-12-03,,Microsoft 365,355.5,Office (firm expense),LOC02
CC000142,Visa,2024-08-11,,Virgin Australia,385.36,Office (firm expense),LOC01
CC000143,Visa,2025-09-18,,Microsoft 365,62.96,Office (firm expense),LOC01
CC000144,Amex,2024-01-05,MAT00197,Barrister Brief Fee,302.74,Trust reimbursable,LOC01
CC000145,Amex,2025-06-23,,Microsoft 365,220.99,Office (firm expense),LOC01
CC000146,Amex,2025-07-07,,Dell Technologies,331.99,Office (firm expense),LOC02
CC000147,Amex,2025-08-04,MAT00013,Court Filing Fee,861.49,Trust reimbursable,LOC02
CC000148,Visa,2024-05-15,,Virgin Australia,61.91,Office (firm expense),LOC02
CC000149,Visa,2024-02-11,,Uber,116.72,Office (firm expense),LOC02
CC000150,Visa,2025-07-24,MAT00496,Title Search Provider,330.69,Trust reimbursable,LOC01
CC000151,Visa,2025-06-03,,Uber,427.27,Office (firm expense),LOC01
CC000152,Visa,2025-09-25,,Virgin Australia,49.64,Office (firm expense),LOC01
CC000153,Amex,2025-01-27,MAT00073,Court Filing Fee,264.59,Trust reimbursable,LOC01
CC000154,Visa,2025-06-11,MAT00633,Court Filing Fee,130.65,Trust reimbursable,LOC01
CC000155,Visa,2024-10-13,MAT00582,Land Registry Search Fee,46.53,Trust reimbursable,LOC02
CC000156,Amex,2024-06-08,MAT00086,Court Filing Fee,1002.14,Trust reimbursable,LOC02
CC000157,Amex,2024-06-26,MAT00035,Barrister Brief Fee,3520.34,Trust reimbursable,LOC02
CC000158,Amex,2025-01-15,MAT00012,Council Rates Certificate,942.46,Trust reimbursable,LOC02
CC000159,Visa,2025-11-19,MAT00487,Court Filing Fee,156.78,Trust reimbursable,LOC02
CC000160,Amex,2024-10-08,,Microsoft 365,187.36,Office (firm expense),LOC02
CC000161,Visa,2024-04-14,,Microsoft 365,30.26,Office (firm expense),LOC01
CC000162,Visa,2025-05-12,,Qantas,41.12,Office (firm expense),LOC02
CC000163,Visa,2025-07-18,,Microsoft 365,55.46,Office (firm expense),LOC01
CC000164,Visa,2024-11-03,,LinkedIn Ads,432.07,Office (firm expense),LOC02
CC000165,Visa,2024-09-30,,Officeworks,166.02,Office (firm expense),LOC02
CC000166,Visa,2025-01-31,,Virgin Australia,116.82,Office (firm expense),LOC02
CC000167,Amex,2024-06-03,,Dell Technologies,398.33,Office (firm expense),LOC02
CC000168,Visa,2025-02-24,,Uber,844.62,Office (firm expense),LOC02
CC000169,Visa,2024-04-30,MAT00563,Process Server,741.26,Trust reimbursable,LOC01
CC000170,Visa,2025-04-04,,LinkedIn Ads,219.11,Office (firm expense),LOC01
CC000171,Visa,2024-08-16,,Microsoft 365,185.05,Office (firm expense),LOC02
CC000172,Visa,2025-05-24,MAT00229,Barrister Brief Fee,487.49,Trust reimbursable,LOC01
CC000173,Amex,2025-06-22,,Virgin Australia,92.37,Office (firm expense),LOC02
CC000174,Amex,2025-09-07,MAT00206,Title Search Provider,201.93,Trust reimbursable,LOC02
CC000175,Visa,2025-06-10,MAT00172,Barrister Brief Fee,881.06,Trust reimbursable,LOC02
CC000176,Amex,2024-06-21,MAT00194,Title Search Provider,196.42,Trust reimbursable,LOC02
CC000177,Amex,2024-07-10,,Uber,121.89,Office (firm expense),LOC02
CC000178,Visa,2025-04-07,MAT00113,Land Registry Search Fee,243.98,Trust reimbursable,LOC01
CC000179,Visa,2024-01-19,MAT00362,Process Server,559.63,Trust reimbursable,LOC01
CC000180,Visa,2024-02-21,MAT00396,Process Server,146.78,Trust reimbursable,LOC01
CC000181,Visa,2024-09-21,,CPD Seminar Co,250.2,Office (firm expense),LOC02
CC000182,Amex,2025-01-01,,Microsoft 365,29.28,Office (firm expense),LOC02
CC000183,Visa,2025-05-10,,Officeworks,279.64,Office (firm expense),LOC02
CC000184,Amex,2025-05-09,MAT00434,Title Search Provider,291.69,Trust reimbursable,LOC02
CC000185,Visa,2024-06-17,MAT00644,Process Server,635.27,Trust reimbursable,LOC01
CC000186,Amex,2025-07-29,,Microsoft 365,191.8,Office (firm expense),LOC02
CC000187,Visa,2025-10-19,MAT00389,Land Registry Search Fee,712.46,Trust reimbursable,LOC02
CC000188,Amex,2024-10-09,MAT00495,Process Server,1393.14,Trust reimbursable,LOC02
CC000189,Amex,2025-03-01,,LinkedIn Ads,843.17,Office (firm expense),LOC02
CC000190,Visa,2024-05-15,,Virgin Australia,167.83,Office (firm expense),LOC01
CC000191,Visa,2024-03-15,,LinkedIn Ads,359.87,Office (firm expense),LOC02
CC000192,Visa,2024-11-17,MAT00394,Land Registry Search Fee,825.75,Trust reimbursable,LOC02
CC000193,Amex,2024-04-08,,LinkedIn Ads,234.76,Office (firm expense),LOC01
CC000194,Amex,2024-09-12,,Uber,106.41,Office (firm expense),LOC02
CC000195,Amex,2024-07-17,,Qantas,75.82,Office (firm expense),LOC02
CC000196,Visa,2025-05-19,,Officeworks,406.54,Office (firm expense),LOC02
CC000197,Visa,2025-12-24,,Virgin Australia,252.91,Office (firm expense),LOC01
CC000198,Visa,2024-11-02,,Virgin Australia,237.78,Office (firm expense),LOC01
CC000199,Amex,2025-07-04,MAT00304,Process Server,207.89,Trust reimbursable,LOC02
CC000200,Visa,2024-08-31,,Uber,109.94,Office (firm expense),LOC02
CC000201,Amex,2025-10-09,,LinkedIn Ads,314.62,Office (firm expense),LOC02
CC000202,Amex,2024-09-23,,Qantas,48.08,Office (firm expense),LOC02
CC000203,Amex,2024-12-30,,CPD Seminar Co,503.42,Office (firm expense),LOC02
CC000204,Visa,2024-08-29,,LinkedIn Ads,89.42,Office (firm expense),LOC02
CC000205,Visa,2025-07-21,,CPD Seminar Co,126.27,Office (firm expense),LOC02
CC000206,Visa,2024-08-24,,Uber,488.2,Office (firm expense),LOC02
CC000207,Visa,2025-10-07,,LinkedIn Ads,153.19,Office (firm expense),LOC01
CC000208,Visa,2025-09-13,MAT00388,Council Rates Certificate,300.0,Trust reimbursable,LOC01
CC000209,Amex,2024-09-07,,Microsoft 365,377.18,Office (firm expense),LOC01
CC000210,Visa,2025-06-01,,Microsoft 365,536.07,Office (firm expense),LOC01
CC000211,Visa,2025-10-22,,Uber,389.63,Office (firm expense),LOC02
CC000212,Amex,2025-08-19,,Qantas,178.05,Office (firm expense),LOC02
CC000213,Amex,2024-04-24,,Uber,79.17,Office (firm expense),LOC02
CC000214,Amex,2025-02-16,,Virgin Australia,465.73,Office (firm expense),LOC01
CC000215,Visa,2024-06-14,,Microsoft 365,155.0,Office (firm expense),LOC01
CC000216,Visa,2025-10-08,,Qantas,154.18,Office (firm expense),LOC01
CC000217,Visa,2025-11-19,,Virgin Australia,153.72,Office (firm expense),LOC02
CC000218,Visa,2024-08-16,,CPD Seminar Co,177.61,Office (firm expense),LOC01
CC000219,Visa,2024-02-12,,CPD Seminar Co,58.15,Office (firm expense),LOC01
CC000220,Amex,2024-01-17,MAT00363,Barrister Brief Fee,826.58,Trust reimbursable,LOC01
CC000221,Amex,2025-07-22,MAT00296,Process Server,128.48,Trust reimbursable,LOC01
CC000222,Amex,2024-08-15,,CPD Seminar Co,240.04,Office (firm expense),LOC02
CC000223,Visa,2025-08-30,,Virgin Australia,198.38,Office (firm expense),LOC02
CC000224,Visa,2024-08-20,,LinkedIn Ads,39.53,Office (firm expense),LOC02
CC000225,Amex,2025-08-04,,Uber,533.18,Office (firm expense),LOC01
CC000226,Amex,2025-07-14,,CPD Seminar Co,260.93,Office (firm expense),LOC02
CC000227,Amex,2024-10-03,,Officeworks,953.63,Office (firm expense),LOC02
CC000228,Amex,2024-01-12,,Dell Technologies,234.85,Office (firm expense),LOC01
CC000229,Visa,2024-06-23,,Uber,74.86,Office (firm expense),LOC02
CC000230,Amex,2024-05-03,MAT00550,Land Registry Search Fee,860.43,Trust reimbursable,LOC02
CC000231,Visa,2025-01-28,,Dell Technologies,237.97,Office (firm expense),LOC01
CC000232,Amex,2025-12-25,,Qantas,316.62,Office (firm expense),LOC01
CC000233,Visa,2024-12-17,,Virgin Australia,220.07,Office (firm expense),LOC01
CC000234,Amex,2024-02-11,,Qantas,969.62,Office (firm expense),LOC01
CC000235,Visa,2025-11-09,MAT00134,Title Search Provider,85.6,Trust reimbursable,LOC01
CC000236,Visa,2024-09-23,,Virgin Australia,218.28,Office (firm expense),LOC02
CC000237,Visa,2025-06-26,,Dell Technologies,103.63,Office (firm expense),LOC01
CC000238,Amex,2024-03-09,,LinkedIn Ads,959.84,Office (firm expense),LOC02
CC000239,Visa,2024-11-08,,Officeworks,255.51,Office (firm expense),LOC01
CC000240,Amex,2025-09-15,MAT00460,Council Rates Certificate,1143.1,Trust reimbursable,LOC01
CC000241,Visa,2024-08-01,,Qantas,294.77,Office (firm expense),LOC01
CC000242,Amex,2025-11-12,,Uber,313.81,Office (firm expense),LOC01
CC000243,Visa,2025-07-19,MAT00602,Barrister Brief Fee,665.84,Trust reimbursable,LOC01
CC000244,Visa,2025-03-11,,Virgin Australia,454.65,Office (firm expense),LOC01
CC000245,Visa,2025-07-15,MAT00113,Process Server,887.1,Trust reimbursable,LOC01
CC000246,Amex,2024-11-16,,Microsoft 365,96.87,Office (firm expense),LOC01
CC000247,Visa,2025-01-29,,Microsoft 365,142.62,Office (firm expense),LOC02
CC000248,Visa,2024-12-13,MAT00172,Process Server,421.18,Trust reimbursable,LOC01
CC000249,Visa,2025-11-17,MAT00028,Title Search Provider,533.11,Trust reimbursable,LOC01
CC000250,Visa,2025-09-23,,Uber,2022.01,Office (firm expense),LOC02
CC000251,Visa,2024-11-30,,Uber,180.07,Office (firm expense),LOC02
CC000252,Amex,2025-08-01,,Virgin Australia,97.07,Office (firm expense),LOC02
CC000253,Amex,2025-09-17,,Dell Technologies,116.97,Office (firm expense),LOC02
CC000254,Amex,2025-04-18,,LinkedIn Ads,79.24,Office (firm expense),LOC01
CC000255,Visa,2025-11-14,MAT00263,Title Search Provider,1106.81,Trust reimbursable,LOC02
CC000256,Visa,2025-12-15,,Virgin Australia,21.24,Office (firm expense),LOC02
CC000257,Visa,2025-05-27,MAT00418,Process Server,310.56,Trust reimbursable,LOC01
CC000258,Visa,2025-01-31,,Qantas,1211.08,Office (firm expense),LOC01
CC000259,Visa,2025-12-08,,Qantas,140.07,Office (firm expense),LOC02
CC000260,Amex,2025-08-19,,Microsoft 365,55.75,Office (firm expense),LOC01
CC000261,Visa,2025-08-16,,Officeworks,138.33,Office (firm expense),LOC01
CC000262,Visa,2024-08-26,,Virgin Australia,65.59,Office (firm expense),LOC02
CC000263,Visa,2024-09-05,,CPD Seminar Co,259.28,Office (firm expense),LOC01
CC000264,Visa,2025-07-21,MAT00153,Court Filing Fee,832.09,Trust reimbursable,LOC02
CC000265,Visa,2025-01-28,,LinkedIn Ads,164.2,Office (firm expense),LOC02
CC000266,Visa,2025-08-27,MAT00493,Land Registry Search Fee,75.89,Trust reimbursable,LOC01
CC000267,Amex,2025-03-19,,Uber,211.62,Office (firm expense),LOC02
CC000268,Visa,2024-08-24,MAT00364,Barrister Brief Fee,1101.43,Trust reimbursable,LOC02
CC000269,Amex,2024-01-10,,Officeworks,305.46,Office (firm expense),LOC02
CC000270,Amex,2025-03-20,,Virgin Australia,485.47,Office (firm expense),LOC02
CC000271,Amex,2025-07-19,MAT00534,Barrister Brief Fee,251.87,Trust reimbursable,LOC02
CC000272,Visa,2024-05-27,MAT00305,Process Server,105.56,Trust reimbursable,LOC01
CC000273,Amex,2025-04-08,MAT00228,Land Registry Search Fee,1074.2,Trust reimbursable,LOC02
CC000274,Visa,2024-06-21,MAT00206,Title Search Provider,383.58,Trust reimbursable,LOC01
CC000275,Visa,2024-01-04,,Microsoft 365,1007.06,Office (firm expense),LOC01
CC000276,Visa,2024-02-01,MAT00591,Council Rates Certificate,3401.45,Trust reimbursable,LOC01
CC000277,Visa,2025-06-10,,Dell Technologies,739.81,Office (firm expense),LOC01
CC000278,Visa,2024-05-27,MAT00263,Council Rates Certificate,457.38,Trust reimbursable,LOC01
CC000279,Visa,2025-09-08,,CPD Seminar Co,103.37,Office (firm expense),LOC02
CC000280,Amex,2024-03-18,,Virgin Australia,359.65,Office (firm expense),LOC02
CC000281,Amex,2025-05-17,MAT00648,Title Search Provider,737.36,Trust reimbursable,LOC01
CC000282,Visa,2024-05-11,,Virgin Australia,257.0,Office (firm expense),LOC02
CC000283,Amex,2024-09-18,,Microsoft 365,56.3,Office (firm expense),LOC01
CC000284,Visa,2025-10-06,,Officeworks,118.87,Office (firm expense),LOC02
CC000285,Amex,2024-12-09,,Qantas,1109.52,Office (firm expense),LOC01
CC000286,Visa,2025-02-13,,Officeworks,146.04,Office (firm expense),LOC02
CC000287,Amex,2025-01-27,,LinkedIn Ads,373.79,Office (firm expense),LOC02
CC000288,Amex,2024-11-04,MAT00439,Land Registry Search Fee,250.73,Trust reimbursable,LOC01
CC000289,Amex,2024-12-18,,Officeworks,73.13,Office (firm expense),LOC02
CC000290,Visa,2025-04-01,,Uber,259.47,Office (firm expense),LOC02
CC000291,Visa,2025-09-22,MAT00631,Process Server,67.03,Trust reimbursable,LOC01
CC000292,Amex,2024-05-10,,LinkedIn Ads,1526.7,Office (firm expense),LOC01
CC000293,Amex,2025-04-13,MAT00023,Process Server,219.88,Trust reimbursable,LOC01
CC000294,Amex,2025-12-28,,Officeworks,73.03,Office (firm expense),LOC02
CC000295,Amex,2024-08-08,,LinkedIn Ads,163.81,Office (firm expense),LOC01
CC000296,Visa,2024-08-16,MAT00577,Land Registry Search Fee,388.26,Trust reimbursable,LOC02
CC000297,Amex,2025-03-08,,Uber,360.86,Office (firm expense),LOC02
CC000298,Amex,2025-07-20,MAT00340,Barrister Brief Fee,137.96,Trust reimbursable,LOC02
CC000299,Visa,2024-04-26,MAT00131,Barrister Brief Fee,299.37,Trust reimbursable,LOC02
CC000300,Visa,2025-07-20,,Virgin Australia,237.76,Office (firm expense),LOC02
CC000301,Visa,2025-10-13,,Officeworks,1688.28,Office (firm expense),LOC01
CC000302,Amex,2024-05-03,,Qantas,132.37,Office (firm expense),LOC02
CC000303,Amex,2025-11-23,,Uber,37.37,Office (firm expense),LOC02
CC000304,Visa,2024-03-14,MAT00233,Title Search Provider,211.61,Trust reimbursable,LOC02
CC000305,Amex,2024-08-31,MAT00429,Council Rates Certificate,451.29,Trust reimbursable,LOC02
CC000306,Amex,2025-10-14,,Uber,194.63,Office (firm expense),LOC02
CC000307,Amex,2024-10-25,MAT00465,Council Rates Certificate,360.68,Trust reimbursable,LOC01
CC000308,Visa,2024-06-12,,Virgin Australia,352.29,Office (firm expense),LOC02
CC000309,Amex,2025-04-06,MAT00153,Council Rates Certificate,337.3,Trust reimbursable,LOC01
CC000310,Amex,2024-03-09,,Virgin Australia,23.49,Office (firm expense),LOC02
CC000311,Amex,2025-04-17,,LinkedIn Ads,248.27,Office (firm expense),LOC02
CC000312,Visa,2025-02-17,,Virgin Australia,27.26,Office (firm expense),LOC01
CC000313,Amex,2024-12-16,MAT00082,Court Filing Fee,135.88,Trust reimbursable,LOC02
CC000314,Visa,2024-12-23,,Dell Technologies,138.56,Office (firm expense),LOC02
CC000315,Amex,2025-07-18,MAT00488,Council Rates Certificate,1217.84,Trust reimbursable,LOC01
CC000316,Amex,2024-06-05,,Dell Technologies,38.3,Office (firm expense),LOC01
CC000317,Visa,2025-04-30,MAT00458,Court Filing Fee,122.33,Trust reimbursable,LOC02
CC000318,Amex,2024-01-22,,Virgin Australia,75.12,Office (firm expense),LOC01
CC000319,Amex,2025-06-30,MAT00404,Court Filing Fee,206.6,Trust reimbursable,LOC01
CC000320,Visa,2024-09-24,,Virgin Australia,189.73,Office (firm expense),LOC02
CC000321,Amex,2025-11-12,,CPD Seminar Co,107.21,Office (firm expense),LOC02
CC000322,Amex,2024-08-07,,Virgin Australia,150.96,Office (firm expense),LOC01
CC000323,Visa,2024-04-12,MAT00262,Title Search Provider,560.21,Trust reimbursable,LOC01
CC000324,Visa,2025-05-15,MAT00306,Council Rates Certificate,1303.24,Trust reimbursable,LOC02
CC000325,Visa,2024-06-18,MAT00326,Process Server,190.48,Trust reimbursable,LOC01
CC000326,Visa,2025-08-03,MAT00061,Land Registry Search Fee,286.58,Trust reimbursable,LOC02
CC000327,Visa,2025-09-27,,Officeworks,35.56,Office (firm expense),LOC01
CC000328,Visa,2024-06-26,,Qantas,84.84,Office (firm expense),LOC01
CC000329,Visa,2025-10-26,,Virgin Australia,149.09,Office (firm expense),LOC02
CC000330,Visa,2025-07-18,MAT00416,Title Search Provider,760.5,Trust reimbursable,LOC01
CC000331,Visa,2025-12-07,,Virgin Australia,413.83,Office (firm expense),LOC02
CC000332,Amex,2024-10-04,,Microsoft 365,70.64,Office (firm expense),LOC02
CC000333,Visa,2024-08-17,MAT00374,Court Filing Fee,183.96,Trust reimbursable,LOC02
CC000334,Visa,2025-04-03,,Officeworks,289.07,Office (firm expense),LOC01
CC000335,Visa,2024-07-16,MAT00063,Court Filing Fee,180.01,Trust reimbursable,LOC01
CC000336,Visa,2024-08-23,,Officeworks,94.63,Office (firm expense),LOC02
CC000337,Visa,2025-07-22,,Virgin Australia,187.08,Office (firm expense),LOC02
CC000338,Visa,2025-12-27,MAT00361,Title Search Provider,563.84,Trust reimbursable,LOC01
CC000339,Amex,2025-08-08,MAT00192,Land Registry Search Fee,174.86,Trust reimbursable,LOC01
CC000340,Amex,2025-05-17,,CPD Seminar Co,54.3,Office (firm expense),LOC01
CC000341,Visa,2024-04-16,MAT00333,Title Search Provider,97.65,Trust reimbursable,LOC01
CC000342,Visa,2025-07-25,,Microsoft 365,162.23,Office (firm expense),LOC02
CC000343,Visa,2025-12-01,MAT00641,Title Search Provider,34.43,Trust reimbursable,LOC01
CC000344,Amex,2024-04-16,MAT00316,Process Server,1055.05,Trust reimbursable,LOC02
CC000345,Visa,2025-12-24,MAT00181,Court Filing Fee,670.91,Trust reimbursable,LOC01
CC000346,Amex,2024-12-04,,Dell Technologies,80.85,Office (firm expense),LOC01
CC000347,Visa,2024-07-27,,CPD Seminar Co,721.61,Office (firm expense),LOC02
CC000348,Amex,2024-06-26,,Virgin Australia,272.87,Office (firm expense),LOC02
CC000349,Visa,2024-05-24,MAT00397,Title Search Provider,1660.43,Trust reimbursable,LOC02
CC000350,Visa,2025-09-26,,Virgin Australia,50.24,Office (firm expense),LOC02
CC000351,Visa,2024-07-11,MAT00346,Council Rates Certificate,298.57,Trust reimbursable,LOC02
CC000352,Amex,2025-04-07,MAT00223,Process Server,200.25,Trust reimbursable,LOC02
CC000353,Amex,2025-03-22,MAT00463,Title Search Provider,858.77,Trust reimbursable,LOC01
CC000354,Visa,2024-02-14,,Virgin Australia,2395.07,Office (firm expense),LOC01
CC000355,Visa,2024-05-16,,Qantas,88.64,Office (firm expense),LOC02
CC000356,Visa,2025-08-14,MAT00030,Council Rates Certificate,207.65,Trust reimbursable,LOC02
CC000357,Visa,2025-11-19,,CPD Seminar Co,62.14,Office (firm expense),LOC01
CC000358,Visa,2025-10-05,,LinkedIn Ads,538.09,Office (firm expense),LOC02
CC000359,Amex,2024-06-09,MAT00600,Process Server,292.82,Trust reimbursable,LOC02
CC000360,Amex,2024-09-07,,Uber,369.83,Office (firm expense),LOC02
CC000361,Visa,2025-03-22,MAT00028,Land Registry Search Fee,736.44,Trust reimbursable,LOC01
CC000362,Visa,2024-09-12,MAT00356,Title Search Provider,452.47,Trust reimbursable,LOC01
CC000363,Amex,2025-01-09,MAT00420,Process Server,1094.31,Trust reimbursable,LOC02
CC000364,Amex,2024-03-23,MAT00066,Process Server,720.28,Trust reimbursable,LOC01
CC000365,Amex,2024-12-02,,Dell Technologies,96.43,Office (firm expense),LOC02
CC000366,Visa,2025-09-20,MAT00414,Court Filing Fee,1157.27,Trust reimbursable,LOC02
CC000367,Visa,2024-12-29,,LinkedIn Ads,28.73,Office (firm expense),LOC02
CC000368,Visa,2025-03-02,,LinkedIn Ads,673.45,Office (firm expense),LOC02
CC000369,Visa,2024-08-08,,Qantas,261.8,Office (firm expense),LOC01
CC000370,Visa,2024-05-12,,Qantas,351.39,Office (firm expense),LOC02
CC000371,Amex,2025-01-08,,Uber,376.46,Office (firm expense),LOC02
CC000372,Visa,2024-01-20,MAT00294,Process Server,818.17,Trust reimbursable,LOC02
CC000373,Visa,2024-05-10,,CPD Seminar Co,276.79,Office (firm expense),LOC01
CC000374,Visa,2025-04-03,MAT00346,Barrister Brief Fee,539.44,Trust reimbursable,LOC01
CC000375,Visa,2025-09-27,,Qantas,1212.77,Office (firm expense),LOC01
CC000376,Visa,2024-04-29,,LinkedIn Ads,316.85,Office (firm expense),LOC01
CC000377,Amex,2024-09-16,,CPD Seminar Co,150.59,Office (firm expense),LOC02
CC000378,Amex,2025-06-25,,Microsoft 365,167.13,Office (firm expense),LOC02
CC000379,Visa,2025-02-16,MAT00512,Land Registry Search Fee,243.59,Trust reimbursable,LOC02
CC000380,Visa,2025-03-28,,Virgin Australia,309.74,Office (firm expense),LOC01
CC000381,Visa,2024-12-05,,Uber,212.89,Office (firm expense),LOC01
CC000382,Visa,2025-04-23,MAT00572,Title Search Provider,281.49,Trust reimbursable,LOC02
CC000383,Amex,2025-02-20,,Microsoft 365,187.16,Office (firm expense),LOC02
CC000384,Amex,2025-01-25,,CPD Seminar Co,383.83,Office (firm expense),LOC01
CC000385,Amex,2025-12-02,MAT00321,Council Rates Certificate,376.1,Trust reimbursable,LOC01
CC000386,Amex,2024-11-26,,LinkedIn Ads,469.47,Office (firm expense),LOC02
CC000387,Amex,2024-03-03,,Officeworks,174.42,Office (firm expense),LOC02
CC000388,Visa,2025-09-08,,Uber,92.91,Office (firm expense),LOC02
CC000389,Visa,2024-03-22,,Microsoft 365,644.21,Office (firm expense),LOC02
CC000390,Visa,2024-02-01,,Dell Technologies,154.52,Office (firm expense),LOC02
CC000391,Visa,2025-09-08,,Dell Technologies,80.65,Office (firm expense),LOC01
CC000392,Amex,2025-12-23,,Uber,284.21,Office (firm expense),LOC02
CC000393,Visa,2024-07-25,MAT00444,Title Search Provider,296.64,Trust reimbursable,LOC01
CC000394,Amex,2024-01-05,,Dell Technologies,168.9,Office (firm expense),LOC02
CC000395,Amex,2025-03-04,,Microsoft 365,53.0,Office (firm expense),LOC02
CC000396,Visa,2025-07-07,,Qantas,337.39,Office (firm expense),LOC01
CC000397,Visa,2025-02-20,,LinkedIn Ads,851.12,Office (firm expense),LOC01
CC000398,Amex,2025-07-12,,LinkedIn Ads,150.22,Office (firm expense),LOC01
CC000399,Visa,2025-07-15,,Uber,292.33,Office (firm expense),LOC01
CC000400,Amex,2025-10-15,MAT00019,Title Search Provider,193.72,Trust reimbursable,LOC01
CC000401,Amex,2024-02-05,MAT00279,Process Server,689.41,Trust reimbursable,LOC02
CC000402,Amex,2024-01-28,MAT00506,Court Filing Fee,1470.83,Trust reimbursable,LOC01
CC000403,Visa,2024-04-10,,Virgin Australia,123.3,Office (firm expense),LOC02
CC000404,Visa,2025-03-19,,Uber,78.96,Office (firm expense),LOC02
CC000405,Amex,2024-06-25,,Officeworks,443.84,Office (firm expense),LOC02
CC000406,Amex,2025-02-25,MAT00099,Title Search Provider,312.37,Trust reimbursable,LOC01
CC000407,Visa,2024-06-24,,Officeworks,94.32,Office (firm expense),LOC01
CC000408,Amex,2025-09-26,,Microsoft 365,157.35,Office (firm expense),LOC02
CC000409,Visa,2024-05-16,,Microsoft 365,196.34,Office (firm expense),LOC01
CC000410,Visa,2025-07-12,MAT00075,Land Registry Search Fee,707.14,Trust reimbursable,LOC01
CC000411,Visa,2025-02-14,,Uber,1468.98,Office (firm expense),LOC01
CC000412,Visa,2025-04-16,MAT00112,Barrister Brief Fee,1859.88,Trust reimbursable,LOC01
CC000413,Visa,2025-10-04,MAT00027,Title Search Provider,272.25,Trust reimbursable,LOC02
CC000414,Amex,2025-10-12,MAT00243,Council Rates Certificate,378.79,Trust reimbursable,LOC02
CC000415,Visa,2024-01-08,MAT00274,Council Rates Certificate,394.74,Trust reimbursable,LOC01
CC000416,Amex,2024-09-22,,LinkedIn Ads,976.34,Office (firm expense),LOC02
CC000417,Visa,2025-07-20,MAT00269,Council Rates Certificate,65.37,Trust reimbursable,LOC02
CC000418,Amex,2025-07-16,MAT00017,Court Filing Fee,558.61,Trust reimbursable,LOC01
CC000419,Visa,2024-12-09,,CPD Seminar Co,265.14,Office (firm expense),LOC01
CC000420,Amex,2025-04-23,MAT00540,Title Search Provider,193.46,Trust reimbursable,LOC02
CC000421,Visa,2025-09-20,,Microsoft 365,324.79,Office (firm expense),LOC01
CC000422,Visa,2025-02-17,,Dell Technologies,115.51,Office (firm expense),LOC01
CC000423,Visa,2024-07-01,,Microsoft 365,1053.01,Office (firm expense),LOC01
CC000424,Visa,2024-11-09,,Microsoft 365,89.03,Office (firm expense),LOC01
CC000425,Amex,2024-02-27,,Officeworks,82.53,Office (firm expense),LOC01
CC000426,Amex,2025-10-02,MAT00006,Court Filing Fee,655.3,Trust reimbursable,LOC02
CC000427,Visa,2025-12-13,,Virgin Australia,112.57,Office (firm expense),LOC02
CC000428,Visa,2024-10-21,,Virgin Australia,77.49,Office (firm expense),LOC02
CC000429,Amex,2024-11-11,,LinkedIn Ads,70.23,Office (firm expense),LOC02
CC000430,Visa,2024-06-10,,Virgin Australia,138.67,Office (firm expense),LOC01
CC000431,Visa,2025-06-11,,Dell Technologies,104.77,Office (firm expense),LOC02
CC000432,Visa,2024-03-16,,Officeworks,878.11,Office (firm expense),LOC02
CC000433,Amex,2025-10-26,MAT00332,Court Filing Fee,432.59,Trust reimbursable,LOC01
CC000434,Amex,2025-09-30,,Virgin Australia,328.52,Office (firm expense),LOC01
CC000435,Amex,2025-09-20,MAT00067,Title Search Provider,1628.27,Trust reimbursable,LOC02
CC000436,Visa,2025-10-20,MAT00204,Title Search Provider,657.12,Trust reimbursable,LOC01
CC000437,Visa,2024-05-07,MAT00198,Court Filing Fee,165.24,Trust reimbursable,LOC02
CC000438,Visa,2025-08-04,,LinkedIn Ads,143.53,Office (firm expense),LOC02
CC000439,Visa,2024-09-10,,Virgin Australia,122.3,Office (firm expense),LOC02
CC000440,Amex,2024-11-10,,CPD Seminar Co,37.94,Office (firm expense),LOC01
CC000441,Visa,2025-04-27,,Dell Technologies,74.29,Office (firm expense),LOC01
CC000442,Amex,2025-09-24,MAT00550,Council Rates Certificate,466.72,Trust reimbursable,LOC02
CC000443,Amex,2025-10-30,MAT00521,Court Filing Fee,878.28,Trust reimbursable,LOC02
CC000444,Visa,2024-02-25,,Uber,243.45,Office (firm expense),LOC02
CC000445,Visa,2024-09-04,,LinkedIn Ads,60.35,Office (firm expense),LOC02
CC000446,Visa,2025-01-16,,Uber,901.23,Office (firm expense),LOC01
CC000447,Visa,2025-08-08,,Virgin Australia,368.5,Office (firm expense),LOC01
CC000448,Amex,2025-05-15,,Uber,178.01,Office (firm expense),LOC01
CC000449,Visa,2025-04-16,,LinkedIn Ads,79.05,Office (firm expense),LOC01
CC000450,Amex,2025-10-10,MAT00578,Barrister Brief Fee,711.16,Trust reimbursable,LOC02
CC000451,Visa,2024-03-02,,Uber,183.89,Office (firm expense),LOC02
CC000452,Amex,2024-03-06,MAT00356,Title Search Provider,399.26,Trust reimbursable,LOC02
CC000453,Amex,2024-08-20,,LinkedIn Ads,124.53,Office (firm expense),LOC02
CC000454,Visa,2024-11-25,,Officeworks,684.6,Office (firm expense),LOC02
CC000455,Visa,2025-08-03,,Virgin Australia,821.18,Office (firm expense),LOC02
CC000456,Visa,2024-01-28,,Qantas,147.71,Office (firm expense),LOC01
CC000457,Visa,2025-06-26,MAT00447,Process Server,116.12,Trust reimbursable,LOC02
CC000458,Visa,2024-06-22,,Dell Technologies,730.89,Office (firm expense),LOC01
CC000459,Amex,2025-03-22,,Virgin Australia,121.13,Office (firm expense),LOC01
CC000460,Amex,2024-02-17,,Officeworks,201.23,Office (firm expense),LOC01
CC000461,Visa,2024-06-08,,Qantas,47.93,Office (firm expense),LOC02
CC000462,Amex,2025-02-17,,Dell Technologies,420.17,Office (firm expense),LOC01
CC000463,Visa,2025-05-22,,Microsoft 365,182.28,Office (firm expense),LOC02
CC000464,Amex,2025-02-14,,CPD Seminar Co,190.78,Office (firm expense),LOC01
CC000465,Visa,2025-03-31,,Uber,429.55,Office (firm expense),LOC01
CC000466,Visa,2024-11-24,MAT00120,Land Registry Search Fee,180.53,Trust reimbursable,LOC01
CC000467,Amex,2024-08-15,,Officeworks,91.16,Office (firm expense),LOC02
CC000468,Visa,2025-02-12,MAT00390,Land Registry Search Fee,1008.94,Trust reimbursable,LOC01
CC000469,Amex,2024-05-22,,Qantas,21.67,Office (firm expense),LOC01
CC000470,Visa,2025-01-05,MAT00153,Court Filing Fee,89.46,Trust reimbursable,LOC01
CC000471,Visa,2025-05-02,,CPD Seminar Co,62.1,Office (firm expense),LOC01
CC000472,Amex,2025-09-03,MAT00581,Title Search Provider,185.27,Trust reimbursable,LOC01
CC000473,Visa,2024-08-04,MAT00299,Council Rates Certificate,477.33,Trust reimbursable,LOC02
CC000474,Amex,2025-02-16,,LinkedIn Ads,47.47,Office (firm expense),LOC02
CC000475,Amex,2024-06-10,MAT00158,Land Registry Search Fee,193.12,Trust reimbursable,LOC02
CC000476,Visa,2024-08-09,,Dell Technologies,481.03,Office (firm expense),LOC02
CC000477,Amex,2024-12-26,MAT00384,Barrister Brief Fee,1155.41,Trust reimbursable,LOC01
CC000478,Visa,2024-08-01,,CPD Seminar Co,79.93,Office (firm expense),LOC02
CC000479,Amex,2025-07-01,,Dell Technologies,143.51,Office (firm expense),LOC02
CC000480,Amex,2024-11-05,MAT00294,Court Filing Fee,329.43,Trust reimbursable,LOC02
CC000481,Visa,2025-02-23,,Qantas,341.67,Office (firm expense),LOC02
CC000482,Amex,2024-12-31,,CPD Seminar Co,242.34,Office (firm expense),LOC01
CC000483,Visa,2024-11-09,,CPD Seminar Co,186.31,Office (firm expense),LOC01
CC000484,Visa,2025-01-04,MAT00160,Barrister Brief Fee,1644.96,Trust reimbursable,LOC01
CC000485,Visa,2025-06-18,MAT00420,Title Search Provider,89.04,Trust reimbursable,LOC01
CC000486,Visa,2025-11-30,,Microsoft 365,117.17,Office (firm expense),LOC02
CC000487,Visa,2025-06-11,,Microsoft 365,128.92,Office (firm expense),LOC02
CC000488,Amex,2025-09-24,MAT00435,Land Registry Search Fee,63.32,Trust reimbursable,LOC01
CC000489,Amex,2024-05-15,MAT00542,Court Filing Fee,461.29,Trust reimbursable,LOC01
CC000490,Amex,2024-12-21,MAT00307,Court Filing Fee,88.05,Trust reimbursable,LOC01
CC000491,Amex,2024-03-21,MAT00095,Land Registry Search Fee,334.87,Trust reimbursable,LOC01
CC000492,Visa,2024-02-18,,Dell Technologies,78.48,Office (firm expense),LOC02
CC000493,Visa,2025-05-03,,Dell Technologies,93.81,Office (firm expense),LOC02
CC000494,Visa,2024-03-31,,Officeworks,450.82,Office (firm expense),LOC01
CC000495,Visa,2024-04-24,,Qantas,234.21,Office (firm expense),LOC02
CC000496,Visa,2025-06-12,MAT00345,Council Rates Certificate,455.09,Trust reimbursable,LOC02
CC000497,Amex,2024-05-17,MAT00523,Court Filing Fee,248.64,Trust reimbursable,LOC01
CC000498,Amex,2024-03-30,MAT00384,Council Rates Certificate,1431.44,Trust reimbursable,LOC02
CC000499,Visa,2025-05-05,MAT00041,Barrister Brief Fee,269.65,Trust reimbursable,LOC01
CC000500,Amex,2025-03-12,,LinkedIn Ads,71.85,Office (firm expense),LOC02
CC000501,Amex,2024-12-07,,CPD Seminar Co,68.59,Office (firm expense),LOC01
CC000502,Visa,2024-03-10,,LinkedIn Ads,105.89,Office (firm expense),LOC01
CC000503,Amex,2025-09-27,,Officeworks,110.99,Office (firm expense),LOC01
CC000504,Visa,2025-02-25,MAT00282,Barrister Brief Fee,315.95,Trust reimbursable,LOC01
CC000505,Visa,2025-02-16,MAT00620,Land Registry Search Fee,153.3,Trust reimbursable,LOC01
CC000506,Amex,2025-10-18,,Microsoft 365,120.91,Office (firm expense),LOC02
CC000507,Visa,2025-12-22,MAT00337,Land Registry Search Fee,518.83,Trust reimbursable,LOC01
CC000508,Amex,2025-05-27,,Officeworks,89.65,Office (firm expense),LOC02
CC000509,Amex,2025-10-14,,Dell Technologies,190.59,Office (firm expense),LOC01
CC000510,Amex,2025-12-20,MAT00436,Barrister Brief Fee,1731.41,Trust reimbursable,LOC02
CC000511,Visa,2024-02-17,,Virgin Australia,168.96,Office (firm expense),LOC02
CC000512,Amex,2025-08-12,,Uber,180.26,Office (firm expense),LOC01
CC000513,Amex,2025-08-25,MAT00612,Barrister Brief Fee,784.64,Trust reimbursable,LOC02
CC000514,Amex,2025-05-08,,Microsoft 365,960.22,Office (firm expense),LOC02
CC000515,Visa,2024-07-19,MAT00153,Barrister Brief Fee,93.32,Trust reimbursable,LOC02
CC000516,Visa,2025-02-27,MAT00227,Court Filing Fee,46.89,Trust reimbursable,LOC02
CC000517,Visa,2024-12-08,MAT00026,Barrister Brief Fee,1207.56,Trust reimbursable,LOC01
CC000518,Amex,2025-11-07,,Dell Technologies,149.25,Office (firm expense),LOC02
CC000519,Amex,2024-05-21,MAT00251,Title Search Provider,232.15,Trust reimbursable,LOC02
CC000520,Amex,2025-02-18,,Qantas,30.05,Office (firm expense),LOC01
CC000521,Visa,2024-04-16,,Microsoft 365,2354.17,Office (firm expense),LOC02
CC000522,Amex,2024-07-10,MAT00092,Council Rates Certificate,80.15,Trust reimbursable,LOC02
CC000523,Amex,2025-12-21,MAT00430,Title Search Provider,393.1,Trust reimbursable,LOC02
CC000524,Visa,2025-08-05,,LinkedIn Ads,84.0,Office (firm expense),LOC01
CC000525,Visa,2024-01-27,,Virgin Australia,457.17,Office (firm expense),LOC02
CC000526,Amex,2025-03-16,,Qantas,79.82,Office (firm expense),LOC01
CC000527,Visa,2025-01-03,,Dell Technologies,511.68,Office (firm expense),LOC01
CC000528,Visa,2024-11-30,,Officeworks,869.18,Office (firm expense),LOC01
CC000529,Visa,2025-01-11,,Officeworks,702.99,Office (firm expense),LOC01
CC000530,Amex,2024-04-08,,Virgin Australia,715.88,Office (firm expense),LOC02
CC000531,Amex,2025-11-23,,Uber,397.76,Office (firm expense),LOC01
CC000532,Visa,2024-05-18,,Uber,313.07,Office (firm expense),LOC01
CC000533,Amex,2025-08-20,MAT00389,Barrister Brief Fee,315.66,Trust reimbursable,LOC01
CC000534,Visa,2024-05-11,MAT00357,Process Server,309.65,Trust reimbursable,LOC01
CC000535,Amex,2025-01-17,,Virgin Australia,1062.89,Office (firm expense),LOC02
CC000536,Amex,2024-08-28,MAT00064,Land Registry Search Fee,326.04,Trust reimbursable,LOC02
CC000537,Amex,2025-02-02,MAT00537,Land Registry Search Fee,1020.12,Trust reimbursable,LOC02
CC000538,Amex,2024-09-30,,CPD Seminar Co,211.14,Office (firm expense),LOC02
CC000539,Visa,2024-10-29,MAT00618,Council Rates Certificate,290.4,Trust reimbursable,LOC01
CC000540,Visa,2024-09-13,MAT00571,Title Search Provider,180.49,Trust reimbursable,LOC01
CC000541,Visa,2025-12-28,MAT00617,Council Rates Certificate,594.24,Trust reimbursable,LOC01
CC000542,Visa,2024-03-20,MAT00639,Land Registry Search Fee,1235.79,Trust reimbursable,LOC02
CC000543,Visa,2024-09-30,MAT00316,Court Filing Fee,136.21,Trust reimbursable,LOC01
CC000544,Amex,2024-06-16,,Uber,117.1,Office (firm expense),LOC02
CC000545,Visa,2024-08-30,MAT00413,Court Filing Fee,457.86,Trust reimbursable,LOC01
CC000546,Visa,2024-11-24,,Officeworks,312.59,Office (firm expense),LOC01
CC000547,Visa,2024-03-10,,LinkedIn Ads,223.81,Office (firm expense),LOC01
CC000548,Visa,2024-02-26,MAT00383,Title Search Provider,337.26,Trust reimbursable,LOC01
CC000549,Visa,2024-10-10,MAT00352,Council Rates Certificate,607.69,Trust reimbursable,LOC01
CC000550,Visa,2025-11-01,MAT00487,Council Rates Certificate,317.01,Trust reimbursable,LOC02
CC000551,Visa,2025-09-07,,CPD Seminar Co,147.93,Office (firm expense),LOC02
CC000552,Visa,2025-09-24,MAT00132,Land Registry Search Fee,1170.93,Trust reimbursable,LOC01
CC000553,Visa,2025-10-21,,Uber,781.14,Office (firm expense),LOC02
CC000554,Amex,2025-08-10,,Uber,174.76,Office (firm expense),LOC02
CC000555,Amex,2024-07-02,,CPD Seminar Co,193.67,Office (firm expense),LOC02
CC000556,Amex,2025-02-22,MAT00645,Land Registry Search Fee,1134.0,Trust reimbursable,LOC02
CC000557,Visa,2024-05-07,MAT00140,Court Filing Fee,792.08,Trust reimbursable,LOC01
CC000558,Amex,2025-02-26,,Microsoft 365,192.54,Office (firm expense),LOC02
CC000559,Amex,2025-08-05,,CPD Seminar Co,1621.46,Office (firm expense),LOC02
CC000560,Amex,2025-07-20,,Microsoft 365,897.18,Office (firm expense),LOC01
CC000561,Amex,2025-05-17,,Uber,86.73,Office (firm expense),LOC01
CC000562,Amex,2025-03-03,MAT00362,Barrister Brief Fee,385.11,Trust reimbursable,LOC01
CC000563,Amex,2024-07-08,MAT00367,Title Search Provider,378.73,Trust reimbursable,LOC01
CC000564,Visa,2025-11-02,MAT00397,Barrister Brief Fee,933.02,Trust reimbursable,LOC02
CC000565,Visa,2025-10-01,MAT00199,Court Filing Fee,273.15,Trust reimbursable,LOC01
CC000566,Visa,2024-07-12,,Microsoft 365,663.13,Office (firm expense),LOC02
CC000567,Amex,2025-04-01,,Uber,226.56,Office (firm expense),LOC02
CC000568,Visa,2024-11-08,MAT00574,Council Rates Certificate,643.3,Trust reimbursable,LOC02
CC000569,Amex,2024-01-22,MAT00280,Land Registry Search Fee,198.52,Trust reimbursable,LOC01
CC000570,Visa,2024-10-25,MAT00003,Land Registry Search Fee,327.65,Trust reimbursable,LOC01
CC000571,Amex,2024-08-25,,Uber,63.15,Office (firm expense),LOC01
CC000572,Amex,2025-07-07,,Virgin Australia,513.95,Office (firm expense),LOC01
CC000573,Visa,2024-05-25,MAT00508,Title Search Provider,184.6,Trust reimbursable,LOC02
CC000574,Visa,2024-09-05,,Virgin Australia,116.55,Office (firm expense),LOC01
CC000575,Visa,2025-08-06,,Officeworks,537.06,Office (firm expense),LOC01
CC000576,Visa,2025-08-16,,Microsoft 365,218.84,Office (firm expense),LOC01
CC000577,Amex,2024-05-03,MAT00379,Council Rates Certificate,45.0,Trust reimbursable,LOC02
CC000578,Amex,2025-06-18,,Uber,297.33,Office (firm expense),LOC01
CC000579,Visa,2025-03-08,MAT00183,Council Rates Certificate,301.57,Trust reimbursable,LOC01
CC000580,Amex,2025-05-07,,Microsoft 365,95.12,Office (firm expense),LOC01
CC000581,Visa,2025-07-29,,Virgin Australia,192.83,Office (firm expense),LOC02
CC000582,Visa,2024-03-21,,Microsoft 365,300.2,Office (firm expense),LOC02
CC000583,Visa,2024-08-09,,Virgin Australia,511.18,Office (firm expense),LOC01
CC000584,Amex,2025-02-21,,Officeworks,544.84,Office (firm expense),LOC01
CC000585,Visa,2024-10-29,,Virgin Australia,88.92,Office (firm expense),LOC02
CC000586,Visa,2024-03-20,MAT00538,Title Search Provider,3303.25,Trust reimbursable,LOC02
CC000587,Visa,2024-04-06,MAT00559,Process Server,719.15,Trust reimbursable,LOC02
CC000588,Visa,2025-01-14,MAT00430,Land Registry Search Fee,519.71,Trust reimbursable,LOC02
CC000589,Visa,2024-01-01,,Qantas,91.39,Office (firm expense),LOC02
CC000590,Amex,2025-08-06,MAT00589,Barrister Brief Fee,115.66,Trust reimbursable,LOC02
CC000591,Visa,2025-02-08,,Virgin Australia,90.07,Office (firm expense),LOC02
CC000592,Visa,2024-09-26,MAT00346,Court Filing Fee,265.76,Trust reimbursable,LOC02
CC000593,Visa,2024-03-29,,LinkedIn Ads,355.39,Office (firm expense),LOC02
CC000594,Visa,2024-07-12,MAT00331,Land Registry Search Fee,232.29,Trust reimbursable,LOC01
CC000595,Amex,2024-08-05,,LinkedIn Ads,201.03,Office (firm expense),LOC02
CC000596,Visa,2024-11-07,MAT00004,Barrister Brief Fee,533.09,Trust reimbursable,LOC01
CC000597,Visa,2025-01-03,,Microsoft 365,447.65,Office (firm expense),LOC01
CC000598,Amex,2024-11-30,,Qantas,111.53,Office (firm expense),LOC02
CC000599,Visa,2025-02-06,MAT00013,Land Registry Search Fee,1138.4,Trust reimbursable,LOC01
CC000600,Visa,2025-06-08,,Microsoft 365,473.67,Office (firm expense),LOC02
CC000601,Visa,2024-12-16,,LinkedIn Ads,96.48,Office (firm expense),LOC02
CC000602,Visa,2025-10-21,MAT00254,Process Server,135.36,Trust reimbursable,LOC01
CC000603,Visa,2024-06-09,MAT00595,Title Search Provider,248.1,Trust reimbursable,LOC02
CC000604,Visa,2025-10-18,,CPD Seminar Co,93.23,Office (firm expense),LOC01
CC000605,Visa,2024-01-16,MAT00221,Court Filing Fee,1332.05,Trust reimbursable,LOC02
CC000606,Amex,2024-08-25,,LinkedIn Ads,758.82,Office (firm expense),LOC02
CC000607,Visa,2025-05-22,,Microsoft 365,155.11,Office (firm expense),LOC02
CC000608,Visa,2024-08-20,,CPD Seminar Co,72.81,Office (firm expense),LOC01
CC000609,Visa,2025-11-29,,Virgin Australia,97.26,Office (firm expense),LOC02
CC000610,Visa,2025-08-06,MAT00519,Barrister Brief Fee,413.02,Trust reimbursable,LOC02
CC000611,Visa,2025-06-20,MAT00095,Barrister Brief Fee,728.08,Trust reimbursable,LOC02
CC000612,Amex,2025-01-23,,Officeworks,103.41,Office (firm expense),LOC01
CC000613,Amex,2025-05-03,MAT00204,Land Registry Search Fee,111.34,Trust reimbursable,LOC02
CC000614,Visa,2025-11-18,MAT00170,Title Search Provider,1620.62,Trust reimbursable,LOC01
CC000615,Amex,2025-10-26,,Dell Technologies,41.47,Office (firm expense),LOC01
CC000616,Amex,2025-12-21,MAT00172,Barrister Brief Fee,138.55,Trust reimbursable,LOC02
CC000617,Amex,2025-04-22,MAT00268,Process Server,282.21,Trust reimbursable,LOC01
CC000618,Amex,2025-10-30,MAT00321,Barrister Brief Fee,202.32,Trust reimbursable,LOC02
CC000619,Visa,2025-12-05,,Virgin Australia,140.28,Office (firm expense),LOC02
CC000620,Amex,2024-06-24,,Microsoft 365,135.43,Office (firm expense),LOC01
CC000621,Visa,2025-08-24,,LinkedIn Ads,422.0,Office (firm expense),LOC02
CC000622,Amex,2025-10-06,,Microsoft 365,167.36,Office (firm expense),LOC02
CC000623,Visa,2024-09-06,,Qantas,96.52,Office (firm expense),LOC02
CC000624,Visa,2024-02-25,MAT00035,Land Registry Search Fee,154.73,Trust reimbursable,LOC01
CC000625,Visa,2024-01-23,,Virgin Australia,182.93,Office (firm expense),LOC02
CC000626,Amex,2025-02-18,MAT00134,Process Server,1241.0,Trust reimbursable,LOC02
CC000627,Visa,2025-04-07,MAT00363,Title Search Provider,469.28,Trust reimbursable,LOC01
CC000628,Visa,2025-08-18,MAT00567,Land Registry Search Fee,322.58,Trust reimbursable,LOC01
CC000629,Visa,2025-06-24,MAT00183,Title Search Provider,68.07,Trust reimbursable,LOC01
CC000630,Amex,2025-08-23,,LinkedIn Ads,163.68,Office (firm expense),LOC01
CC000631,Visa,2024-12-12,,Microsoft 365,103.03,Office (firm expense),LOC02
CC000632,Visa,2024-01-02,,Virgin Australia,232.97,Office (firm expense),LOC02
CC000633,Amex,2025-12-07,,CPD Seminar Co,56.59,Office (firm expense),LOC02
CC000634,Amex,2024-06-19,MAT00453,Land Registry Search Fee,89.63,Trust reimbursable,LOC01
CC000635,Amex,2025-07-11,,CPD Seminar Co,66.13,Office (firm expense),LOC02
CC000636,Visa,2024-04-04,,Virgin Australia,121.61,Office (firm expense),LOC01
CC000637,Visa,2024-07-24,MAT00082,Council Rates Certificate,76.65,Trust reimbursable,LOC02
CC000638,Visa,2025-12-12,MAT00186,Council Rates Certificate,1192.98,Trust reimbursable,LOC01
CC000639,Amex,2024-02-08,,Qantas,77.33,Office (firm expense),LOC02
CC000640,Visa,2024-12-27,,Uber,49.43,Office (firm expense),LOC01
CC000641,Amex,2025-10-02,MAT00509,Barrister Brief Fee,855.15,Trust reimbursable,LOC01
CC000642,Amex,2025-06-01,MAT00444,Court Filing Fee,673.19,Trust reimbursable,LOC01
CC000643,Amex,2025-02-26,MAT00533,Process Server,176.8,Trust reimbursable,LOC01
CC000644,Visa,2024-03-19,,Virgin Australia,70.74,Office (firm expense),LOC02
CC000645,Amex,2024-07-27,MAT00487,Council Rates Certificate,2214.17,Trust reimbursable,LOC02
CC000646,Amex,2025-11-15,MAT00055,Barrister Brief Fee,177.87,Trust reimbursable,LOC02
CC000647,Visa,2025-12-20,MAT00344,Council Rates Certificate,595.47,Trust reimbursable,LOC01
CC000648,Visa,2024-05-25,,Qantas,222.67,Office (firm expense),LOC02
CC000649,Visa,2024-01-03,,Officeworks,62.1,Office (firm expense),LOC02
CC000650,Visa,2024-08-14,,Virgin Australia,40.38,Office (firm expense),LOC02
CC000651,Visa,2025-12-26,,Dell Technologies,104.01,Office (firm expense),LOC02
CC000652,Amex,2025-10-23,,Microsoft 365,166.86,Office (firm expense),LOC02
CC000653,Visa,2025-09-16,MAT00193,Court Filing Fee,123.73,Trust reimbursable,LOC01
CC000654,Amex,2025-12-02,,Microsoft 365,427.2,Office (firm expense),LOC01
CC000655,Amex,2025-10-26,,LinkedIn Ads,237.81,Office (firm expense),LOC02
CC000656,Amex,2025-07-17,,CPD Seminar Co,793.75,Office (firm expense),LOC02
CC000657,Visa,2025-11-11,,Virgin Australia,1000.53,Office (firm expense),LOC02
CC000658,Visa,2025-07-13,,Dell Technologies,61.11,Office (firm expense),LOC01
CC000659,Visa,2025-05-27,MAT00226,Process Server,754.46,Trust reimbursable,LOC01
CC000660,Amex,2024-12-21,MAT00019,Barrister Brief Fee,109.08,Trust reimbursable,LOC01
CC000661,Visa,2024-04-05,MAT00435,Land Registry Search Fee,1020.02,Trust reimbursable,LOC01
CC000662,Amex,2025-04-29,MAT00041,Land Registry Search Fee,179.75,Trust reimbursable,LOC02
CC000663,Visa,2024-08-14,,Dell Technologies,138.24,Office (firm expense),LOC02
CC000664,Amex,2024-01-05,,CPD Seminar Co,52.49,Office (firm expense),LOC01
CC000665,Visa,2025-10-24,MAT00022,Title Search Provider,339.86,Trust reimbursable,LOC01
CC000666,Visa,2024-08-25,,Virgin Australia,98.71,Office (firm expense),LOC01
CC000667,Amex,2024-08-12,MAT00308,Title Search Provider,498.75,Trust reimbursable,LOC01
CC000668,Visa,2025-05-23,,CPD Seminar Co,274.18,Office (firm expense),LOC02
CC000669,Amex,2024-10-21,,Virgin Australia,113.24,Office (firm expense),LOC01
CC000670,Visa,2024-05-29,,Qantas,199.24,Office (firm expense),LOC02
CC000671,Amex,2024-12-02,,Microsoft 365,79.55,Office (firm expense),LOC02
CC000672,Amex,2025-08-01,,CPD Seminar Co,93.74,Office (firm expense),LOC01
CC000673,Amex,2025-03-20,MAT00562,Council Rates Certificate,476.47,Trust reimbursable,LOC01
CC000674,Amex,2024-02-23,,Dell Technologies,299.84,Office (firm expense),LOC01
CC000675,Amex,2025-11-19,,Virgin Australia,48.26,Office (firm expense),LOC01
CC000676,Amex,2025-10-18,,Qantas,82.08,Office (firm expense),LOC02
CC000677,Amex,2024-06-29,MAT00454,Court Filing Fee,332.49,Trust reimbursable,LOC02
CC000678,Visa,2024-12-20,,CPD Seminar Co,158.02,Office (firm expense),LOC01
CC000679,Amex,2025-07-13,,Virgin Australia,52.08,Office (firm expense),LOC01
CC000680,Amex,2025-03-31,MAT00413,Land Registry Search Fee,20.23,Trust reimbursable,LOC02
CC000681,Visa,2025-08-10,MAT00594,Barrister Brief Fee,1156.78,Trust reimbursable,LOC02
CC000682,Visa,2024-10-24,MAT00139,Barrister Brief Fee,490.39,Trust reimbursable,LOC01
CC000683,Visa,2025-05-13,MAT00080,Barrister Brief Fee,87.05,Trust reimbursable,LOC01
CC000684,Amex,2024-12-08,MAT00614,Land Registry Search Fee,836.42,Trust reimbursable,LOC02
CC000685,Amex,2025-08-05,,Qantas,105.3,Office (firm expense),LOC01
CC000686,Visa,2024-04-30,,Dell Technologies,71.78,Office (firm expense),LOC01
CC000687,Amex,2025-02-14,MAT00633,Court Filing Fee,139.66,Trust reimbursable,LOC02
CC000688,Visa,2025-02-10,MAT00377,Council Rates Certificate,213.51,Trust reimbursable,LOC02
CC000689,Amex,2025-11-25,MAT00488,Title Search Provider,64.56,Trust reimbursable,LOC02
CC000690,Visa,2025-01-01,MAT00299,Land Registry Search Fee,501.08,Trust reimbursable,LOC02
CC000691,Visa,2025-04-30,,Uber,275.27,Office (firm expense),LOC02
CC000692,Visa,2025-04-16,,Uber,93.61,Office (firm expense),LOC02
CC000693,Visa,2024-11-14,,Uber,286.35,Office (firm expense),LOC01
CC000694,Amex,2025-12-21,MAT00555,Title Search Provider,1666.5,Trust reimbursable,LOC01
CC000695,Visa,2024-09-06,MAT00546,Land Registry Search Fee,754.86,Trust reimbursable,LOC01
CC000696,Visa,2025-05-12,,Virgin Australia,167.31,Office (firm expense),LOC01
CC000697,Amex,2024-07-12,MAT00265,Title Search Provider,295.39,Trust reimbursable,LOC01
CC000698,Visa,2025-08-17,MAT00494,Council Rates Certificate,995.27,Trust reimbursable,LOC01
CC000699,Amex,2024-05-09,MAT00447,Title Search Provider,1009.39,Trust reimbursable,LOC01
CC000700,Visa,2025-08-11,MAT00423,Barrister Brief Fee,211.27,Trust reimbursable,LOC02
CC000701,Amex,2025-11-24,MAT00244,Title Search Provider,588.76,Trust reimbursable,LOC01
CC000702,Visa,2025-09-06,,Microsoft 365,305.58,Office (firm expense),LOC01
CC000703,Amex,2024-10-11,MAT00082,Barrister Brief Fee,159.95,Trust reimbursable,LOC02
CC000704,Visa,2024-10-02,MAT00640,Process Server,139.12,Trust reimbursable,LOC01
CC000705,Visa,2025-06-14,,CPD Seminar Co,153.2,Office (firm expense),LOC01
CC000706,Amex,2024-02-01,,CPD Seminar Co,223.9,Office (firm expense),LOC01
CC000707,Amex,2025-02-10,,LinkedIn Ads,163.94,Office (firm expense),LOC02
CC000708,Amex,2025-12-03,MAT00621,Process Server,996.41,Trust reimbursable,LOC02
CC000709,Visa,2024-11-14,,Dell Technologies,145.52,Office (firm expense),LOC02
CC000710,Visa,2025-11-04,,Virgin Australia,381.07,Office (firm expense),LOC01
CC000711,Visa,2025-07-08,,LinkedIn Ads,19.52,Office (firm expense),LOC01
CC000712,Amex,2025-04-01,,Uber,80.4,Office (firm expense),LOC02
CC000713,Amex,2025-08-10,,Virgin Australia,175.33,Office (firm expense),LOC02
CC000714,Visa,2024-03-14,,Uber,154.82,Office (firm expense),LOC01
CC000715,Visa,2024-03-10,MAT00521,Title Search Provider,484.83,Trust reimbursable,LOC02
CC000716,Visa,2025-06-28,MAT00557,Land Registry Search Fee,328.67,Trust reimbursable,LOC01
CC000717,Visa,2024-03-14,,Qantas,167.7,Office (firm expense),LOC01
CC000718,Amex,2024-09-27,,Microsoft 365,118.94,Office (firm expense),LOC02
CC000719,Visa,2025-12-30,MAT00057,Land Registry Search Fee,227.48,Trust reimbursable,LOC01
CC000720,Amex,2025-10-13,,LinkedIn Ads,67.32,Office (firm expense),LOC02
CC000721,Amex,2025-12-07,,Virgin Australia,69.75,Office (firm expense),LOC01
CC000722,Amex,2025-10-08,,Uber,149.87,Office (firm expense),LOC01
CC000723,Amex,2024-11-12,,LinkedIn Ads,401.71,Office (firm expense),LOC01
CC000724,Visa,2025-04-13,,LinkedIn Ads,323.7,Office (firm expense),LOC02
CC000725,Amex,2024-11-06,MAT00196,Land Registry Search Fee,91.39,Trust reimbursable,LOC01
CC000726,Amex,2025-10-30,MAT00559,Land Registry Search Fee,157.78,Trust reimbursable,LOC01
CC000727,Visa,2025-03-24,MAT00243,Title Search Provider,627.59,Trust reimbursable,LOC01
CC000728,Visa,2024-02-06,,LinkedIn Ads,632.85,Office (firm expense),LOC01
CC000729,Visa,2024-07-20,,Dell Technologies,56.12,Office (firm expense),LOC02
CC000730,Visa,2025-11-22,,Officeworks,107.74,Office (firm expense),LOC01
CC000731,Amex,2024-12-24,MAT00383,Court Filing Fee,339.62,Trust reimbursable,LOC01
CC000732,Visa,2024-12-14,MAT00080,Council Rates Certificate,781.3,Trust reimbursable,LOC01
CC000733,Visa,2025-01-21,,Officeworks,92.79,Office (firm expense),LOC02
CC000734,Visa,2024-10-30,MAT00642,Barrister Brief Fee,203.5,Trust reimbursable,LOC02
CC000735,Amex,2025-01-17,,Qantas,1117.4,Office (firm expense),LOC01
CC000736,Amex,2024-01-16,,LinkedIn Ads,109.45,Office (firm expense),LOC02
CC000737,Visa,2024-04-14,MAT00461,Process Server,637.44,Trust reimbursable,LOC02
CC000738,Visa,2025-07-21,MAT00192,Court Filing Fee,702.05,Trust reimbursable,LOC01
CC000739,Visa,2024-09-25,MAT00419,Land Registry Search Fee,327.55,Trust reimbursable,LOC01
CC000740,Visa,2024-08-07,MAT00499,Title Search Provider,235.61,Trust reimbursable,LOC01
CC000741,Visa,2025-09-12,MAT00466,Council Rates Certificate,374.74,Trust reimbursable,LOC02
CC000742,Visa,2024-09-12,MAT00166,Barrister Brief Fee,492.81,Trust reimbursable,LOC01
CC000743,Visa,2025-07-09,MAT00495,Council Rates Certificate,1090.98,Trust reimbursable,LOC02
CC000744,Visa,2025-08-10,MAT00246,Title Search Provider,98.45,Trust reimbursable,LOC01
CC000745,Visa,2025-10-02,,Dell Technologies,591.89,Office (firm expense),LOC01
CC000746,Visa,2025-06-25,MAT00464,Council Rates Certificate,682.26,Trust reimbursable,LOC02
CC000747,Visa,2024-06-08,,Officeworks,582.07,Office (firm expense),LOC02
CC000748,Visa,2024-12-06,,LinkedIn Ads,127.77,Office (firm expense),LOC02
CC000749,Amex,2025-02-04,,Officeworks,471.73,Office (firm expense),LOC01
CC000750,Amex,2024-04-11,,Virgin Australia,765.93,Office (firm expense),LOC02
CC000751,Amex,2024-05-05,MAT00179,Council Rates Certificate,688.88,Trust reimbursable,LOC02
CC000752,Amex,2024-07-25,MAT00524,Title Search Provider,471.28,Trust reimbursable,LOC02
CC000753,Amex,2024-05-01,MAT00496,Council Rates Certificate,65.1,Trust reimbursable,LOC02
CC000754,Visa,2025-03-02,,Microsoft 365,400.41,Office (firm expense),LOC02
CC000755,Amex,2024-06-20,MAT00530,Council Rates Certificate,290.33,Trust reimbursable,LOC01
CC000756,Amex,2025-09-03,MAT00059,Land Registry Search Fee,185.52,Trust reimbursable,LOC01
CC000757,Visa,2025-11-03,MAT00526,Land Registry Search Fee,259.83,Trust reimbursable,LOC01
CC000758,Amex,2025-04-16,,Virgin Australia,999.64,Office (firm expense),LOC02
CC000759,Amex,2025-12-19,,LinkedIn Ads,142.81,Office (firm expense),LOC02
CC000760,Visa,2024-12-23,,Officeworks,404.68,Office (firm expense),LOC01
CC000761,Visa,2024-12-15,MAT00204,Title Search Provider,79.03,Trust reimbursable,LOC01
CC000762,Visa,2025-09-07,MAT00459,Court Filing Fee,355.02,Trust reimbursable,LOC02
CC000763,Amex,2024-01-11,,Uber,153.31,Office (firm expense),LOC01
CC000764,Amex,2025-02-11,,CPD Seminar Co,222.46,Office (firm expense),LOC02
CC000765,Visa,2025-10-20,MAT00408,Title Search Provider,441.33,Trust reimbursable,LOC01
CC000766,Amex,2024-04-19,,Officeworks,330.68,Office (firm expense),LOC01
CC000767,Visa,2024-09-18,,Microsoft 365,667.18,Office (firm expense),LOC01
CC000768,Visa,2024-01-10,,Dell Technologies,84.63,Office (firm expense),LOC01
CC000769,Visa,2024-05-01,,Dell Technologies,203.14,Office (firm expense),LOC02
CC000770,Visa,2025-05-31,MAT00565,Court Filing Fee,41.66,Trust reimbursable,LOC02
CC000771,Visa,2024-08-28,MAT00253,Barrister Brief Fee,136.04,Trust reimbursable,LOC02
CC000772,Visa,2024-06-22,MAT00452,Land Registry Search Fee,52.31,Trust reimbursable,LOC01
CC000773,Visa,2025-12-01,MAT00180,Land Registry Search Fee,1422.23,Trust reimbursable,LOC01
CC000774,Amex,2024-09-07,MAT00395,Title Search Provider,1083.09,Trust reimbursable,LOC01
CC000775,Visa,2025-04-05,,Qantas,266.62,Office (firm expense),LOC02
CC000776,Visa,2024-02-25,,CPD Seminar Co,192.44,Office (firm expense),LOC02
CC000777,Amex,2025-05-25,MAT00466,Title Search Provider,223.66,Trust reimbursable,LOC02
CC000778,Amex,2024-01-12,MAT00212,Land Registry Search Fee,756.51,Trust reimbursable,LOC01
CC000779,Visa,2024-10-19,,Officeworks,254.34,Office (firm expense),LOC01
CC000780,Visa,2025-11-08,,Officeworks,114.28,Office (firm expense),LOC01
CC000781,Amex,2025-04-12,MAT00398,Council Rates Certificate,2548.28,Trust reimbursable,LOC02
CC000782,Visa,2025-12-04,MAT00452,Council Rates Certificate,2432.91,Trust reimbursable,LOC02
CC000783,Amex,2024-03-05,,Uber,178.02,Office (firm expense),LOC01
CC000784,Visa,2024-03-22,,Microsoft 365,559.02,Office (firm expense),LOC02
CC000785,Amex,2025-01-08,,LinkedIn Ads,121.3,Office (firm expense),LOC02
CC000786,Visa,2025-06-04,,Uber,201.45,Office (firm expense),LOC02
CC000787,Visa,2024-03-22,MAT00623,Title Search Provider,75.35,Trust reimbursable,LOC02
CC000788,Amex,2024-10-09,,Qantas,72.3,Office (firm expense),LOC01
CC000789,Amex,2025-04-19,MAT00405,Barrister Brief Fee,715.75,Trust reimbursable,LOC02
CC000790,Visa,2024-12-01,MAT00332,Council Rates Certificate,641.26,Trust reimbursable,LOC01
CC000791,Visa,2024-03-05,,Qantas,98.75,Office (firm expense),LOC02
CC000792,Visa,2024-05-08,MAT00517,Council Rates Certificate,319.4,Trust reimbursable,LOC01
CC000793,Amex,2024-02-27,MAT00600,Title Search Provider,225.0,Trust reimbursable,LOC01
CC000794,Visa,2024-09-03,,Uber,123.17,Office (firm expense),LOC02
CC000795,Visa,2025-12-10,,LinkedIn Ads,924.4,Office (firm expense),LOC02
CC000796,Amex,2024-04-22,,Qantas,1123.25,Office (firm expense),LOC02
CC000797,Amex,2024-04-05,MAT00427,Court Filing Fee,515.35,Trust reimbursable,LOC01
CC000798,Amex,2025-04-18,,Virgin Australia,184.89,Office (firm expense),LOC02
CC000799,Visa,2025-08-18,MAT00399,Title Search Provider,5885.33,Trust reimbursable,LOC01
CC000800,Visa,2024-10-11,,Officeworks,56.56,Office (firm expense),LOC02
CC000801,Visa,2025-07-08,,CPD Seminar Co,164.15,Office (firm expense),LOC02
CC000802,Amex,2025-03-23,MAT00598,Title Search Provider,557.58,Trust reimbursable,LOC02
CC000803,Amex,2025-04-17,,Uber,495.15,Office (firm expense),LOC02
CC000804,Visa,2024-12-09,,Uber,188.56,Office (firm expense),LOC01
CC000805,Visa,2025-01-18,,CPD Seminar Co,172.72,Office (firm expense),LOC02
CC000806,Visa,2025-02-17,MAT00025,Land Registry Search Fee,323.13,Trust reimbursable,LOC02
CC000807,Amex,2025-11-14,,LinkedIn Ads,715.41,Office (firm expense),LOC02
CC000808,Amex,2025-11-12,,Officeworks,149.38,Office (firm expense),LOC01
CC000809,Visa,2025-11-02,,LinkedIn Ads,86.64,Office (firm expense),LOC01
CC000810,Amex,2025-03-22,,Microsoft 365,251.57,Office (firm expense),LOC01
CC000811,Amex,2024-12-27,,Officeworks,326.13,Office (firm expense),LOC01
CC000812,Visa,2024-06-26,,Microsoft 365,373.23,Office (firm expense),LOC01
CC000813,Visa,2025-10-18,,Uber,484.44,Office (firm expense),LOC01
CC000814,Visa,2024-11-09,,CPD Seminar Co,46.88,Office (firm expense),LOC01
CC000815,Visa,2025-10-10,,Qantas,821.48,Office (firm expense),LOC02
CC000816,Visa,2025-04-26,MAT00381,Barrister Brief Fee,2437.98,Trust reimbursable,LOC01
CC000817,Visa,2025-02-18,,Microsoft 365,340.13,Office (firm expense),LOC02
CC000818,Amex,2024-12-28,,CPD Seminar Co,121.18,Office (firm expense),LOC02
CC000819,Visa,2024-01-05,,Uber,154.27,Office (firm expense),LOC01
CC000820,Visa,2024-11-17,,Officeworks,189.04,Office (firm expense),LOC01
CC000821,Visa,2025-08-24,,Virgin Australia,262.61,Office (firm expense),LOC02
CC000822,Amex,2024-10-26,MAT00568,Land Registry Search Fee,196.77,Trust reimbursable,LOC01
CC000823,Amex,2025-11-08,,Dell Technologies,174.88,Office (firm expense),LOC01
CC000824,Visa,2024-03-16,MAT00248,Process Server,599.46,Trust reimbursable,LOC01
CC000825,Visa,2024-02-08,,Dell Technologies,37.79,Office (firm expense),LOC01
CC000826,Visa,2025-01-05,,Microsoft 365,108.78,Office (firm expense),LOC02
CC000827,Visa,2025-10-10,MAT00421,Land Registry Search Fee,78.07,Trust reimbursable,LOC01
CC000828,Amex,2024-10-13,,Uber,74.53,Office (firm expense),LOC02
CC000829,Visa,2024-06-03,,LinkedIn Ads,455.84,Office (firm expense),LOC02
CC000830,Amex,2024-02-11,,Virgin Australia,878.33,Office (firm expense),LOC01
CC000831,Visa,2025-10-14,MAT00025,Court Filing Fee,254.64,Trust reimbursable,LOC01
CC000832,Visa,2025-03-06,MAT00447,Barrister Brief Fee,205.09,Trust reimbursable,LOC01
CC000833,Amex,2025-10-31,MAT00215,Council Rates Certificate,2139.72,Trust reimbursable,LOC01
CC000834,Visa,2024-10-07,,Dell Technologies,103.75,Office (firm expense),LOC02
CC000835,Visa,2024-11-13,MAT00333,Land Registry Search Fee,90.12,Trust reimbursable,LOC02
CC000836,Visa,2024-07-14,MAT00146,Process Server,1349.25,Trust reimbursable,LOC02
CC000837,Amex,2025-06-11,,LinkedIn Ads,139.77,Office (firm expense),LOC01
CC000838,Amex,2025-11-12,,LinkedIn Ads,216.51,Office (firm expense),LOC02
CC000839,Visa,2024-01-01,MAT00074,Land Registry Search Fee,136.0,Trust reimbursable,LOC01
CC000840,Visa,2025-06-21,,Uber,142.73,Office (firm expense),LOC02
CC000841,Visa,2024-12-07,MAT00100,Council Rates Certificate,52.87,Trust reimbursable,LOC01
CC000842,Visa,2024-01-25,,Uber,146.04,Office (firm expense),LOC01
CC000843,Amex,2025-02-21,,LinkedIn Ads,77.37,Office (firm expense),LOC02
CC000844,Visa,2024-09-08,MAT00636,Process Server,249.42,Trust reimbursable,LOC02
CC000845,Amex,2024-01-30,MAT00149,Court Filing Fee,148.58,Trust reimbursable,LOC02
CC000846,Visa,2025-01-06,,Dell Technologies,259.85,Office (firm expense),LOC01
CC000847,Visa,2024-04-30,,Microsoft 365,124.05,Office (firm expense),LOC01
CC000848,Visa,2025-06-02,,Officeworks,2428.32,Office (firm expense),LOC01
CC000849,Amex,2025-06-19,MAT00439,Process Server,274.77,Trust reimbursable,LOC02
CC000850,Visa,2025-07-09,,LinkedIn Ads,1118.96,Office (firm expense),LOC01
CC000851,Visa,2025-12-25,MAT00027,Land Registry Search Fee,180.89,Trust reimbursable,LOC02
CC000852,Amex,2024-06-15,,Qantas,71.91,Office (firm expense),LOC01
CC000853,Amex,2025-02-28,,Virgin Australia,77.46,Office (firm expense),LOC01
CC000854,Amex,2024-10-01,,LinkedIn Ads,95.48,Office (firm expense),LOC01
CC000855,Visa,2025-05-14,MAT00595,Land Registry Search Fee,322.1,Trust reimbursable,LOC02
CC000856,Visa,2024-05-26,,Microsoft 365,231.48,Office (firm expense),LOC01
CC000857,Amex,2025-08-08,,Uber,305.29,Office (firm expense),LOC02
CC000858,Amex,2024-12-09,,Officeworks,144.74,Office (firm expense),LOC01
CC000859,Visa,2024-02-03,,Uber,245.36,Office (firm expense),LOC02
CC000860,Visa,2025-07-12,,Uber,32.1,Office (firm expense),LOC01
CC000861,Visa,2024-10-27,MAT00030,Council Rates Certificate,293.0,Trust reimbursable,LOC01
CC000862,Visa,2024-01-24,,Officeworks,741.45,Office (firm expense),LOC02
CC000863,Visa,2025-06-28,MAT00600,Title Search Provider,89.83,Trust reimbursable,LOC01
CC000864,Amex,2025-07-04,,CPD Seminar Co,30.41,Office (firm expense),LOC01
CC000865,Amex,2025-12-30,,Dell Technologies,116.22,Office (firm expense),LOC01
CC000866,Amex,2025-05-24,,Virgin Australia,149.63,Office (firm expense),LOC02
CC000867,Amex,2024-02-12,MAT00332,Council Rates Certificate,186.76,Trust reimbursable,LOC02
CC000868,Visa,2024-06-22,,Qantas,76.77,Office (firm expense),LOC02
CC000869,Visa,2024-10-21,,Dell Technologies,470.46,Office (firm expense),LOC01
CC000870,Amex,2024-06-27,,Virgin Australia,246.73,Office (firm expense),LOC01
CC000871,Visa,2024-08-25,MAT00236,Court Filing Fee,1452.73,Trust reimbursable,LOC02
CC000872,Visa,2024-01-15,MAT00327,Process Server,135.88,Trust reimbursable,LOC02
CC000873,Amex,2025-07-31,,Microsoft 365,9.66,Office (firm expense),LOC02
CC000874,Visa,2025-04-10,,Virgin Australia,181.55,Office (firm expense),LOC02
CC000875,Visa,2024-12-22,MAT00550,Title Search Provider,723.88,Trust reimbursable,LOC01
CC000876,Amex,2025-11-02,,Qantas,1188.14,Office (firm expense),LOC02
CC000877,Visa,2024-07-31,MAT00339,Title Search Provider,176.89,Trust reimbursable,LOC02
CC000878,Visa,2024-01-25,,Dell Technologies,49.5,Office (firm expense),LOC02
CC000879,Amex,2025-01-02,,Dell Technologies,504.45,Office (firm expense),LOC01
CC000880,Amex,2024-05-31,,CPD Seminar Co,140.64,Office (firm expense),LOC02
CC000881,Amex,2024-07-25,,Qantas,230.48,Office (firm expense),LOC01
CC000882,Amex,2025-05-09,,Officeworks,770.77,Office (firm expense),LOC02
CC000883,Amex,2025-12-21,MAT00108,Barrister Brief Fee,634.88,Trust reimbursable,LOC01
CC000884,Amex,2024-10-05,MAT00112,Barrister Brief Fee,99.27,Trust reimbursable,LOC02
CC000885,Visa,2024-03-16,MAT00008,Barrister Brief Fee,937.68,Trust reimbursable,LOC02
CC000886,Amex,2025-03-08,MAT00579,Barrister Brief Fee,471.47,Trust reimbursable,LOC01
CC000887,Visa,2024-02-16,,Qantas,871.54,Office (firm expense),LOC02
CC000888,Visa,2025-06-08,MAT00079,Title Search Provider,318.37,Trust reimbursable,LOC01
CC000889,Visa,2024-12-08,MAT00648,Court Filing Fee,201.29,Trust reimbursable,LOC02
CC000890,Visa,2024-04-22,,Uber,165.91,Office (firm expense),LOC01
CC000891,Visa,2024-11-08,MAT00499,Council Rates Certificate,996.25,Trust reimbursable,LOC02
CC000892,Amex,2024-06-16,,Uber,940.38,Office (firm expense),LOC02
CC000893,Amex,2024-06-12,MAT00168,Council Rates Certificate,583.0,Trust reimbursable,LOC01
CC000894,Amex,2025-11-05,,Dell Technologies,31.45,Office (firm expense),LOC01
CC000895,Amex,2024-08-17,,Uber,119.45,Office (firm expense),LOC02
CC000896,Amex,2025-06-13,MAT00631,Court Filing Fee,374.26,Trust reimbursable,LOC01
CC000897,Amex,2025-12-29,,Officeworks,115.3,Office (firm expense),LOC01
CC000898,Amex,2025-09-25,,Virgin Australia,252.99,Office (firm expense),LOC01
CC000899,Visa,2024-07-13,,Microsoft 365,230.37,Office (firm expense),LOC01
CC000900,Visa,2024-06-02,,LinkedIn Ads,263.75,Office (firm expense),LOC01
CC000901,Visa,2025-02-11,,Uber,63.09,Office (firm expense),LOC01
CC000902,Amex,2025-01-03,MAT00030,Council Rates Certificate,1418.38,Trust reimbursable,LOC02
CC000903,Amex,2025-07-18,MAT00264,Court Filing Fee,39.73,Trust reimbursable,LOC02
CC000904,Visa,2024-07-28,,LinkedIn Ads,142.19,Office (firm expense),LOC02
CC000905,Visa,2024-09-11,MAT00575,Title Search Provider,272.41,Trust reimbursable,LOC02
CC000906,Visa,2025-05-25,MAT00463,Title Search Provider,305.38,Trust reimbursable,LOC01
CC000907,Amex,2024-06-03,MAT00394,Land Registry Search Fee,944.0,Trust reimbursable,LOC02
CC000908,Amex,2025-05-28,MAT00054,Court Filing Fee,1199.05,Trust reimbursable,LOC01
CC000909,Visa,2024-05-08,,Dell Technologies,42.68,Office (firm expense),LOC01
CC000910,Visa,2025-05-22,,LinkedIn Ads,756.58,Office (firm expense),LOC01
CC000911,Amex,2025-03-27,,Uber,696.29,Office (firm expense),LOC01
CC000912,Visa,2025-02-26,,Microsoft 365,269.84,Office (firm expense),LOC01
CC000913,Amex,2024-09-24,,CPD Seminar Co,654.01,Office (firm expense),LOC01
CC000914,Amex,2024-11-15,,LinkedIn Ads,105.64,Office (firm expense),LOC02
CC000915,Amex,2025-11-20,MAT00220,Land Registry Search Fee,156.72,Trust reimbursable,LOC01
CC000916,Visa,2025-09-26,,Microsoft 365,431.34,Office (firm expense),LOC02
CC000917,Amex,2025-02-13,,Qantas,188.57,Office (firm expense),LOC02
CC000918,Amex,2025-01-30,MAT00647,Council Rates Certificate,853.4,Trust reimbursable,LOC01
CC000919,Amex,2024-08-28,,LinkedIn Ads,118.52,Office (firm expense),LOC01
CC000920,Visa,2024-07-12,MAT00023,Title Search Provider,359.28,Trust reimbursable,LOC02
CC000921,Visa,2025-10-27,MAT00275,Barrister Brief Fee,129.23,Trust reimbursable,LOC01
CC000922,Visa,2025-05-30,MAT00479,Court Filing Fee,303.74,Trust reimbursable,LOC01
CC000923,Amex,2025-10-12,,Virgin Australia,1170.62,Office (firm expense),LOC01
CC000924,Visa,2024-06-18,MAT00465,Council Rates Certificate,227.6,Trust reimbursable,LOC01
CC000925,Visa,2024-05-14,,Dell Technologies,387.24,Office (firm expense),LOC01
CC000926,Amex,2024-04-02,MAT00281,Court Filing Fee,83.23,Trust reimbursable,LOC02
CC000927,Visa,2024-01-20,,Officeworks,182.69,Office (firm expense),LOC02
CC000928,Amex,2024-09-14,MAT00370,Barrister Brief Fee,422.01,Trust reimbursable,LOC01
CC000929,Visa,2025-09-26,MAT00180,Process Server,376.59,Trust reimbursable,LOC01
CC000930,Visa,2024-12-18,MAT00176,Process Server,359.75,Trust reimbursable,LOC02
CC000931,Visa,2025-04-22,,Virgin Australia,265.15,Office (firm expense),LOC01
CC000932,Visa,2025-03-30,,Qantas,639.52,Office (firm expense),LOC01
CC000933,Amex,2025-01-25,MAT00503,Title Search Provider,267.38,Trust reimbursable,LOC02
CC000934,Visa,2025-05-27,,Officeworks,276.04,Office (firm expense),LOC02
CC000935,Amex,2025-06-30,,Uber,298.23,Office (firm expense),LOC02
CC000936,Visa,2025-06-02,,CPD Seminar Co,314.1,Office (firm expense),LOC01
CC000937,Visa,2024-12-21,,Dell Technologies,242.81,Office (firm expense),LOC01
CC000938,Visa,2024-10-11,,CPD Seminar Co,580.56,Office (firm expense),LOC01
CC000939,Amex,2025-02-02,MAT00416,Title Search Provider,160.97,Trust reimbursable,LOC02
CC000940,Visa,2025-10-20,MAT00318,Barrister Brief Fee,2036.14,Trust reimbursable,LOC01
CC000941,Visa,2025-09-10,,Virgin Australia,218.12,Office (firm expense),LOC01
CC000942,Amex,2024-05-19,,Qantas,49.58,Office (firm expense),LOC02
CC000943,Visa,2025-06-16,,Uber,453.52,Office (firm expense),LOC01
CC000944,Amex,2024-01-21,,LinkedIn Ads,145.19,Office (firm expense),LOC01
CC000945,Visa,2024-02-04,,Qantas,447.22,Office (firm expense),LOC02
CC000946,Visa,2024-10-24,MAT00578,Land Registry Search Fee,254.79,Trust reimbursable,LOC01
CC000947,Amex,2025-06-11,,Officeworks,291.54,Office (firm expense),LOC02
CC000948,Visa,2024-05-10,MAT00648,Court Filing Fee,35.05,Trust reimbursable,LOC01
CC000949,Amex,2024-11-08,MAT00210,Barrister Brief Fee,1871.66,Trust reimbursable,LOC02
CC000950,Visa,2025-03-29,,CPD Seminar Co,21.16,Office (firm expense),LOC01
CC000951,Amex,2024-08-14,MAT00370,Council Rates Certificate,287.53,Trust reimbursable,LOC01
CC000952,Amex,2025-05-13,,Microsoft 365,75.19,Office (firm expense),LOC02
CC000953,Visa,2025-06-20,,Uber,236.73,Office (firm expense),LOC01
CC000954,Amex,2025-12-07,MAT00622,Council Rates Certificate,202.35,Trust reimbursable,LOC02
CC000955,Visa,2025-03-16,MAT00236,Process Server,217.45,Trust reimbursable,LOC01
CC000956,Visa,2024-04-28,MAT00408,Council Rates Certificate,457.28,Trust reimbursable,LOC01
CC000957,Visa,2024-01-27,,Uber,1544.78,Office (firm expense),LOC02
CC000958,Visa,2024-10-20,MAT00530,Land Registry Search Fee,121.77,Trust reimbursable,LOC01
CC000959,Amex,2024-01-19,,Virgin Australia,422.31,Office (firm expense),LOC02
CC000960,Visa,2024-06-21,,Microsoft 365,130.11,Office (firm expense),LOC01
CC000961,Amex,2025-11-03,,Microsoft 365,454.11,Office (firm expense),LOC01
CC000962,Visa,2024-02-05,,Microsoft 365,409.24,Office (firm expense),LOC02
CC000963,Amex,2025-04-16,,Qantas,527.17,Office (firm expense),LOC02
CC000964,Visa,2024-11-13,,Qantas,101.73,Office (firm expense),LOC01
CC000965,Amex,2025-03-21,MAT00416,Title Search Provider,233.23,Trust reimbursable,LOC01
CC000966,Amex,2024-12-30,,CPD Seminar Co,214.02,Office (firm expense),LOC02
CC000967,Amex,2025-08-04,,Virgin Australia,678.54,Office (firm expense),LOC02
CC000968,Amex,2025-05-08,,Uber,205.0,Office (firm expense),LOC01
CC000969,Amex,2024-07-28,,CPD Seminar Co,136.04,Office (firm expense),LOC01
CC000970,Amex,2025-07-11,,Dell Technologies,108.46,Office (firm expense),LOC01
CC000971,Amex,2024-05-30,,Qantas,106.87,Office (firm expense),LOC02
CC000972,Amex,2025-01-30,MAT00254,Process Server,2747.4,Trust reimbursable,LOC02
CC000973,Visa,2024-10-19,MAT00440,Land Registry Search Fee,422.6,Trust reimbursable,LOC02
CC000974,Amex,2024-01-02,,CPD Seminar Co,184.05,Office (firm expense),LOC02
CC000975,Amex,2024-02-06,,Uber,211.31,Office (firm expense),LOC02
CC000976,Amex,2025-05-05,,Uber,123.5,Office (firm expense),LOC02
CC000977,Visa,2024-01-14,,Uber,154.38,Office (firm expense),LOC01
CC000978,Amex,2025-03-26,,Microsoft 365,260.83,Office (firm expense),LOC02
CC000979,Visa,2024-11-12,MAT00110,Barrister Brief Fee,212.73,Trust reimbursable,LOC02
CC000980,Visa,2024-03-14,,Qantas,373.05,Office (firm expense),LOC01
CC000981,Visa,2024-03-21,,Qantas,308.61,Office (firm expense),LOC01
CC000982,Visa,2024-03-13,,Qantas,122.78,Office (firm expense),LOC02
CC000983,Amex,2024-06-22,MAT00096,Land Registry Search Fee,366.81,Trust reimbursable,LOC01
CC000984,Amex,2025-09-06,MAT00084,Council Rates Certificate,248.27,Trust reimbursable,LOC01
CC000985,Amex,2025-01-26,MAT00247,Title Search Provider,198.28,Trust reimbursable,LOC01
CC000986,Amex,2025-11-01,MAT00494,Barrister Brief Fee,51.42,Trust reimbursable,LOC02
CC000987,Visa,2024-05-20,,Microsoft 365,840.45,Office (firm expense),LOC02
CC000988,Visa,2025-09-03,,Virgin Australia,118.13,Office (firm expense),LOC02
CC000989,Amex,2025-02-10,,LinkedIn Ads,834.62,Office (firm expense),LOC02
CC000990,Visa,2024-12-10,MAT00094,Land Registry Search Fee,2252.35,Trust reimbursable,LOC02
CC000991,Visa,2024-07-03,,Uber,151.42,Office (firm expense),LOC02
CC000992,Amex,2024-05-13,,Microsoft 365,238.73,Office (firm expense),LOC01
CC000993,Amex,2025-07-06,MAT00469,Court Filing Fee,841.13,Trust reimbursable,LOC02
CC000994,Amex,2025-08-27,,Uber,215.08,Office (firm expense),LOC01
CC000995,Amex,2024-02-11,MAT00332,Court Filing Fee,95.77,Trust reimbursable,LOC01
CC000996,Visa,2024-06-04,MAT00116,Process Server,259.1,Trust reimbursable,LOC01
CC000997,Visa,2025-04-30,,LinkedIn Ads,147.49,Office (firm expense),LOC01
CC000998,Visa,2025-01-20,,Officeworks,70.52,Office (firm expense),LOC02
CC000999,Visa,2025-04-07,,Officeworks,130.29,Office (firm expense),LOC01
CC001000,Amex,2025-04-18,,Uber,233.5,Office (firm expense),LOC02
CC001001,Amex,2024-06-27,,Qantas,152.38,Office (firm expense),LOC01
CC001002,Visa,2025-09-16,,Uber,322.89,Office (firm expense),LOC01
CC001003,Visa,2024-09-13,,Uber,151.3,Office (firm expense),LOC01
CC001004,Amex,2024-09-06,,Qantas,70.69,Office (firm expense),LOC02
CC001005,Amex,2024-10-21,,Officeworks,90.98,Office (firm expense),LOC02
CC001006,Visa,2025-10-06,,LinkedIn Ads,156.02,Office (firm expense),LOC01
CC001007,Visa,2025-03-29,,Microsoft 365,51.0,Office (firm expense),LOC02
CC001008,Amex,2025-05-14,MAT00457,Barrister Brief Fee,476.24,Trust reimbursable,LOC02
CC001009,Amex,2025-02-03,MAT00451,Court Filing Fee,1693.48,Trust reimbursable,LOC02
CC001010,Amex,2024-11-29,,LinkedIn Ads,232.83,Office (firm expense),LOC01
CC001011,Visa,2024-04-28,,Qantas,53.22,Office (firm expense),LOC01
CC001012,Amex,2024-05-26,,Uber,440.79,Office (firm expense),LOC02
CC001013,Visa,2024-05-01,,Microsoft 365,260.26,Office (firm expense),LOC02
CC001014,Amex,2025-01-20,,Uber,634.97,Office (firm expense),LOC02
CC001015,Amex,2024-09-06,,LinkedIn Ads,126.92,Office (firm expense),LOC01
CC001016,Amex,2024-12-15,MAT00577,Land Registry Search Fee,348.03,Trust reimbursable,LOC01
CC001017,Amex,2024-10-18,,Virgin Australia,159.98,Office (firm expense),LOC01
CC001018,Amex,2024-08-28,MAT00416,Title Search Provider,615.26,Trust reimbursable,LOC02
CC001019,Visa,2025-10-24,,Dell Technologies,332.14,Office (firm expense),LOC01
CC001020,Amex,2024-06-21,MAT00377,Court Filing Fee,191.32,Trust reimbursable,LOC01
CC001021,Amex,2024-07-28,MAT00581,Land Registry Search Fee,56.81,Trust reimbursable,LOC02
CC001022,Amex,2024-11-08,MAT00255,Process Server,1021.54,Trust reimbursable,LOC02
CC001023,Amex,2024-11-10,,Microsoft 365,159.08,Office (firm expense),LOC02
CC001024,Visa,2025-05-15,,Officeworks,364.5,Office (firm expense),LOC01
CC001025,Visa,2024-09-25,,Uber,296.99,Office (firm expense),LOC02
CC001026,Amex,2025-06-22,MAT00317,Barrister Brief Fee,551.38,Trust reimbursable,LOC01
CC001027,Visa,2024-06-04,,Uber,772.01,Office (firm expense),LOC02
CC001028,Visa,2025-03-18,,Dell Technologies,934.5,Office (firm expense),LOC01
CC001029,Amex,2024-06-21,,Uber,762.37,Office (firm expense),LOC02
CC001030,Visa,2024-12-04,,Dell Technologies,253.44,Office (firm expense),LOC01
CC001031,Visa,2024-06-18,,Qantas,56.23,Office (firm expense),LOC01
CC001032,Amex,2024-08-19,MAT00338,Land Registry Search Fee,638.28,Trust reimbursable,LOC02
CC001033,Visa,2025-02-24,MAT00298,Title Search Provider,899.41,Trust reimbursable,LOC02
CC001034,Visa,2025-01-05,,Dell Technologies,310.69,Office (firm expense),LOC02
CC001035,Visa,2024-02-26,MAT00638,Title Search Provider,281.58,Trust reimbursable,LOC02
CC001036,Amex,2024-06-16,MAT00450,Council Rates Certificate,1151.35,Trust reimbursable,LOC01
CC001037,Visa,2025-04-12,MAT00574,Council Rates Certificate,114.28,Trust reimbursable,LOC01
CC001038,Visa,2024-01-07,,Virgin Australia,308.41,Office (firm expense),LOC02
CC001039,Visa,2024-02-10,MAT00446,Land Registry Search Fee,252.68,Trust reimbursable,LOC02
CC001040,Amex,2025-04-02,MAT00393,Title Search Provider,400.63,Trust reimbursable,LOC01
CC001041,Visa,2024-12-28,,Qantas,122.1,Office (firm expense),LOC02
CC001042,Amex,2024-08-25,,CPD Seminar Co,66.2,Office (firm expense),LOC01
CC001043,Visa,2025-01-31,,CPD Seminar Co,185.23,Office (firm expense),LOC02
CC001044,Visa,2024-04-12,,Microsoft 365,44.66,Office (firm expense),LOC01
CC001045,Amex,2025-12-12,,Virgin Australia,132.77,Office (firm expense),LOC01
CC001046,Visa,2024-11-09,,LinkedIn Ads,78.61,Office (firm expense),LOC02
CC001047,Visa,2025-09-04,,Microsoft 365,225.86,Office (firm expense),LOC01
CC001048,Visa,2025-07-04,,Qantas,188.68,Office (firm expense),LOC02
CC001049,Amex,2024-02-25,,LinkedIn Ads,186.66,Office (firm expense),LOC01
CC001050,Amex,2024-10-14,,Microsoft 365,107.02,Office (firm expense),LOC01
CC001051,Visa,2025-05-13,,LinkedIn Ads,333.88,Office (firm expense),LOC01
CC001052,Visa,2024-10-09,,Dell Technologies,150.37,Office (firm expense),LOC02
CC001053,Visa,2024-03-04,,Microsoft 365,742.91,Office (firm expense),LOC02
CC001054,Amex,2024-12-26,MAT00251,Title Search Provider,280.44,Trust reimbursable,LOC02
CC001055,Amex,2025-01-20,MAT00103,Land Registry Search Fee,205.88,Trust reimbursable,LOC01
CC001056,Amex,2025-08-27,MAT00034,Title Search Provider,339.66,Trust reimbursable,LOC02
CC001057,Amex,2025-12-05,,Qantas,439.87,Office (firm expense),LOC01
CC001058,Visa,2024-08-05,MAT00436,Council Rates Certificate,1604.34,Trust reimbursable,LOC02
CC001059,Amex,2024-08-01,,Virgin Australia,115.22,Office (firm expense),LOC02
CC001060,Visa,2024-11-10,,Officeworks,247.84,Office (firm expense),LOC02
CC001061,Visa,2024-06-06,MAT00527,Council Rates Certificate,324.83,Trust reimbursable,LOC01
CC001062,Visa,2025-04-03,,Virgin Australia,527.82,Office (firm expense),LOC01
CC001063,Visa,2025-09-30,MAT00427,Barrister Brief Fee,254.5,Trust reimbursable,LOC01
CC001064,Amex,2025-07-09,,Officeworks,280.05,Office (firm expense),LOC01
CC001065,Amex,2025-05-28,,Dell Technologies,466.74,Office (firm expense),LOC02
CC001066,Amex,2025-05-06,MAT00592,Land Registry Search Fee,276.23,Trust reimbursable,LOC02
CC001067,Amex,2025-03-10,,Uber,72.49,Office (firm expense),LOC01
CC001068,Visa,2025-07-20,,Officeworks,212.53,Office (firm expense),LOC02
CC001069,Amex,2025-10-27,,Uber,230.14,Office (firm expense),LOC01
CC001070,Amex,2024-02-05,,LinkedIn Ads,110.27,Office (firm expense),LOC02
CC001071,Amex,2025-03-12,,LinkedIn Ads,249.66,Office (firm expense),LOC02
CC001072,Amex,2025-03-13,,Dell Technologies,125.97,Office (firm expense),LOC01
CC001073,Visa,2025-09-10,,Microsoft 365,592.03,Office (firm expense),LOC01
CC001074,Visa,2025-06-28,,Officeworks,1698.29,Office (firm expense),LOC02
CC001075,Amex,2025-10-27,,Officeworks,188.28,Office (firm expense),LOC02
CC001076,Amex,2025-04-19,,Uber,91.04,Office (firm expense),LOC02
CC001077,Amex,2025-02-16,MAT00355,Barrister Brief Fee,609.68,Trust reimbursable,LOC02
CC001078,Visa,2025-01-25,,Uber,217.63,Office (firm expense),LOC02
CC001079,Amex,2025-04-15,,Microsoft 365,327.55,Office (firm expense),LOC01
CC001080,Visa,2024-02-28,,Dell Technologies,43.86,Office (firm expense),LOC02
CC001081,Amex,2025-09-25,MAT00563,Court Filing Fee,883.52,Trust reimbursable,LOC02
CC001082,Visa,2025-10-20,MAT00336,Process Server,897.5,Trust reimbursable,LOC01
CC001083,Amex,2024-06-28,,Officeworks,32.4,Office (firm expense),LOC01
CC001084,Visa,2025-08-13,,Virgin Australia,299.9,Office (firm expense),LOC01
CC001085,Visa,2025-06-24,,Uber,101.45,Office (firm expense),LOC01
CC001086,Visa,2025-12-01,MAT00189,Court Filing Fee,464.95,Trust reimbursable,LOC02
CC001087,Visa,2024-09-27,,LinkedIn Ads,148.51,Office (firm expense),LOC01
CC001088,Amex,2025-01-12,,Qantas,141.76,Office (firm expense),LOC01
CC001089,Amex,2025-07-24,,Virgin Australia,120.83,Office (firm expense),LOC02
CC001090,Visa,2025-02-26,MAT00136,Court Filing Fee,915.87,Trust reimbursable,LOC01
CC001091,Visa,2025-04-12,,Dell Technologies,64.21,Office (firm expense),LOC01
CC001092,Amex,2025-05-11,MAT00067,Court Filing Fee,596.84,Trust reimbursable,LOC01
CC001093,Visa,2024-04-09,MAT00634,Council Rates Certificate,64.74,Trust reimbursable,LOC01
CC001094,Visa,2025-01-06,MAT00490,Title Search Provider,541.97,Trust reimbursable,LOC01
CC001095,Visa,2024-07-08,,LinkedIn Ads,166.56,Office (firm expense),LOC02
CC001096,Visa,2024-02-08,MAT00232,Title Search Provider,454.96,Trust reimbursable,LOC01
CC001097,Amex,2025-04-23,,LinkedIn Ads,162.01,Office (firm expense),LOC02
CC001098,Amex,2024-12-28,,Uber,268.17,Office (firm expense),LOC02
CC001099,Visa,2025-11-29,,Dell Technologies,73.55,Office (firm expense),LOC02
CC001100,Amex,2025-06-08,MAT00426,Land Registry Search Fee,2000.41,Trust reimbursable,LOC02
