month_start,fy_label,attorney_name,role,branch_name,billable_hours,capacity_hours,utilisation_pct,rank_in_month,mom_change_pct_pts,moving_avg_3m_pct,percent_rank_in_month,band
2023-07-01,FY24,Harvey Specter,Senior Associate,Camden,162.4,190.0,85.5,1,,85.5,1.0,Healthy (80-100%)
2023-07-01,FY24,Mike Ross,Senior Associate,Richmond,157.1,190.0,82.7,2,,82.7,0.8,Healthy (80-100%)
2023-07-01,FY24,Jessica Pearson,Senior Partner,Liverpool,150.2,190.0,79.0,3,,79.0,0.6,Below target
2023-07-01,FY24,Rachel Zane,Associate,Liverpool,145.7,190.0,76.7,4,,76.7,0.4,Below target
2023-07-01,FY24,Clara Sterling,Senior Managing Partner,Richmond,143.2,190.0,75.4,5,,75.4,0.2,Below target
2023-07-01,FY24,Louis Litt,Senior Partner,Liverpool,132.5,190.0,69.8,6,,69.8,0.0,Below target
2023-08-01,FY24,Harvey Specter,Senior Associate,Camden,169.8,190.0,89.3,1,3.9,87.4,1.0,Healthy (80-100%)
2023-08-01,FY24,Mike Ross,Senior Associate,Richmond,158.4,190.0,83.4,2,0.7,83.1,0.8,Healthy (80-100%)
2023-08-01,FY24,Rachel Zane,Associate,Liverpool,154.9,190.0,81.6,3,4.9,79.1,0.6,Healthy (80-100%)
2023-08-01,FY24,Louis Litt,Senior Partner,Liverpool,147.1,190.0,77.4,4,7.7,73.6,0.4,Below target
2023-08-01,FY24,Jessica Pearson,Senior Partner,Liverpool,141.5,190.0,74.5,5,-4.6,76.8,0.2,Below target
2023-08-01,FY24,Clara Sterling,Senior Managing Partner,Richmond,139.6,190.0,73.5,6,-1.9,74.4,0.0,Below target
2023-09-01,FY24,Harvey Specter,Senior Associate,Camden,178.7,190.0,94.0,1,4.7,89.6,1.0,Healthy (80-100%)
2023-09-01,FY24,Mike Ross,Senior Associate,Richmond,155.9,190.0,82.1,2,-1.3,82.7,0.8,Healthy (80-100%)
2023-09-01,FY24,Rachel Zane,Associate,Liverpool,152.3,190.0,80.2,3,-1.4,79.5,0.6,Healthy (80-100%)
2023-09-01,FY24,Jessica Pearson,Senior Partner,Liverpool,148.7,190.0,78.3,4,3.8,77.3,0.4,Below target
2023-09-01,FY24,Clara Sterling,Senior Managing Partner,Richmond,147.1,190.0,77.4,5,4.0,75.4,0.2,Below target
2023-09-01,FY24,Louis Litt,Senior Partner,Liverpool,142.9,190.0,75.2,6,-2.3,74.1,0.0,Below target
2023-10-01,FY24,Harvey Specter,Senior Associate,Camden,169.5,190.0,89.2,1,-4.8,90.9,1.0,Healthy (80-100%)
2023-10-01,FY24,Mike Ross,Senior Associate,Richmond,163.5,190.0,86.1,2,4.0,83.8,0.8,Healthy (80-100%)
2023-10-01,FY24,Rachel Zane,Associate,Liverpool,155.5,190.0,81.8,3,1.6,81.2,0.6,Healthy (80-100%)
2023-10-01,FY24,Clara Sterling,Senior Managing Partner,Richmond,151.6,190.0,79.8,4,2.4,76.9,0.4,Below target
2023-10-01,FY24,Jessica Pearson,Senior Partner,Liverpool,151.2,190.0,79.6,5,1.3,77.4,0.2,Below target
2023-10-01,FY24,Louis Litt,Senior Partner,Liverpool,145.8,190.0,76.7,6,1.6,76.5,0.0,Below target
2023-11-01,FY24,Harvey Specter,Senior Associate,Camden,172.7,190.0,90.9,1,1.7,91.4,1.0,Healthy (80-100%)
2023-11-01,FY24,Mike Ross,Senior Associate,Richmond,169.9,190.0,89.4,2,3.3,85.8,0.8,Healthy (80-100%)
2023-11-01,FY24,Jessica Pearson,Senior Partner,Liverpool,163.1,190.0,85.8,3,6.2,81.2,0.6,Healthy (80-100%)
2023-11-01,FY24,Rachel Zane,Associate,Liverpool,160.3,190.0,84.3,4,2.5,82.1,0.4,Healthy (80-100%)
2023-11-01,FY24,Clara Sterling,Senior Managing Partner,Richmond,156.5,190.0,82.4,5,2.6,79.9,0.2,Healthy (80-100%)
2023-11-01,FY24,Louis Litt,Senior Partner,Liverpool,147.1,190.0,77.4,6,0.7,76.4,0.0,Below target
2023-12-01,FY24,Harvey Specter,Senior Associate,Camden,150.0,190.0,78.9,1,-12.0,86.4,1.0,Below target
2023-12-01,FY24,Mike Ross,Senior Associate,Richmond,138.9,190.0,73.1,2,-16.3,82.9,0.8,Below target
2023-12-01,FY24,Jessica Pearson,Senior Partner,Liverpool,138.0,190.0,72.6,3,-13.2,79.3,0.6,Below target
2023-12-01,FY24,Rachel Zane,Associate,Liverpool,131.3,190.0,69.1,4,-15.2,78.4,0.4,Below target
2023-12-01,FY24,Clara Sterling,Senior Managing Partner,Richmond,131.3,190.0,69.1,5,-13.3,77.1,0.2,Below target
2023-12-01,FY24,Louis Litt,Senior Partner,Liverpool,122.8,190.0,64.7,6,-12.8,72.9,0.0,Below target
2024-01-01,FY24,Mike Ross,Senior Associate,Richmond,140.8,190.0,74.1,1,1.0,78.9,1.0,Below target
2024-01-01,FY24,Harvey Specter,Senior Associate,Camden,135.9,190.0,71.5,2,-7.4,80.5,0.8,Below target
2024-01-01,FY24,Jessica Pearson,Senior Partner,Liverpool,132.8,190.0,69.9,3,-2.7,76.1,0.6,Below target
2024-01-01,FY24,Clara Sterling,Senior Managing Partner,Richmond,125.0,190.0,65.8,4,-3.3,72.4,0.4,Below target
2024-01-01,FY24,Rachel Zane,Associate,Liverpool,123.1,190.0,64.8,5,-4.3,72.8,0.2,Below target
2024-01-01,FY24,Louis Litt,Senior Partner,Liverpool,121.4,190.0,63.9,6,-0.8,68.6,0.0,Below target
2024-02-01,FY24,Harvey Specter,Senior Associate,Camden,166.8,190.0,87.8,1,16.3,79.4,1.0,Healthy (80-100%)
2024-02-01,FY24,Mike Ross,Senior Associate,Richmond,154.5,190.0,81.3,2,7.2,76.2,0.83,Healthy (80-100%)
2024-02-01,FY24,Jessica Pearson,Senior Partner,Liverpool,149.5,190.0,78.7,3,8.8,73.7,0.67,Below target
2024-02-01,FY24,Rachel Zane,Associate,Liverpool,148.1,190.0,77.9,4,13.1,70.6,0.5,Below target
2024-02-01,FY24,Louis Litt,Senior Partner,Liverpool,136.4,190.0,71.8,5,7.9,66.8,0.33,Below target
2024-02-01,FY24,Clara Sterling,Senior Managing Partner,Richmond,134.8,190.0,71.0,6,5.2,68.6,0.17,Below target
2024-02-01,FY24,Katrina Bennett,Associate,Camden,91.3,190.0,48.1,7,,48.1,0.0,Under-utilised
2024-03-01,FY24,Mike Ross,Senior Associate,Richmond,171.8,190.0,90.4,1,9.1,82.0,1.0,Healthy (80-100%)
2024-03-01,FY24,Harvey Specter,Senior Associate,Camden,170.9,190.0,89.9,2,2.2,83.1,0.83,Healthy (80-100%)
2024-03-01,FY24,Jessica Pearson,Senior Partner,Liverpool,169.8,190.0,89.4,3,10.7,79.3,0.67,Healthy (80-100%)
2024-03-01,FY24,Rachel Zane,Associate,Liverpool,158.4,190.0,83.4,4,5.5,75.4,0.5,Healthy (80-100%)
2024-03-01,FY24,Clara Sterling,Senior Managing Partner,Richmond,155.3,190.0,81.8,5,10.8,72.8,0.33,Healthy (80-100%)
2024-03-01,FY24,Louis Litt,Senior Partner,Liverpool,149.3,190.0,78.6,6,6.8,71.4,0.17,Below target
2024-03-01,FY24,Katrina Bennett,Associate,Camden,138.2,190.0,72.8,7,24.7,60.4,0.0,Below target
2024-04-01,FY24,Harvey Specter,Senior Associate,Camden,167.7,190.0,88.3,1,-1.7,88.7,1.0,Healthy (80-100%)
2024-04-01,FY24,Mike Ross,Senior Associate,Richmond,160.8,190.0,84.6,2,-5.8,85.5,0.83,Healthy (80-100%)
2024-04-01,FY24,Katrina Bennett,Associate,Camden,154.0,190.0,81.0,3,8.3,67.3,0.67,Healthy (80-100%)
2024-04-01,FY24,Louis Litt,Senior Partner,Liverpool,150.2,190.0,79.1,4,0.5,76.5,0.5,Below target
2024-04-01,FY24,Rachel Zane,Associate,Liverpool,149.9,190.0,78.9,5,-4.5,80.1,0.33,Below target
2024-04-01,FY24,Jessica Pearson,Senior Partner,Liverpool,146.4,190.0,77.1,6,-12.3,81.7,0.17,Below target
2024-04-01,FY24,Clara Sterling,Senior Managing Partner,Richmond,146.0,190.0,76.8,7,-4.9,76.5,0.0,Below target
2024-05-01,FY24,Harvey Specter,Senior Associate,Camden,174.5,190.0,91.9,1,3.6,90.0,1.0,Healthy (80-100%)
2024-05-01,FY24,Katrina Bennett,Associate,Camden,167.3,190.0,88.0,2,7.0,80.6,0.83,Healthy (80-100%)
2024-05-01,FY24,Jessica Pearson,Senior Partner,Liverpool,165.6,190.0,87.2,3,10.1,84.5,0.67,Healthy (80-100%)
2024-05-01,FY24,Mike Ross,Senior Associate,Richmond,164.9,190.0,86.8,4,2.2,87.3,0.5,Healthy (80-100%)
2024-05-01,FY24,Rachel Zane,Associate,Liverpool,155.2,190.0,81.7,5,2.8,81.3,0.33,Healthy (80-100%)
2024-05-01,FY24,Clara Sterling,Senior Managing Partner,Richmond,153.8,190.0,81.0,6,4.1,79.9,0.17,Healthy (80-100%)
2024-05-01,FY24,Louis Litt,Senior Partner,Liverpool,146.8,190.0,77.3,7,-1.8,78.3,0.0,Below target
2024-06-01,FY24,Mike Ross,Senior Associate,Richmond,177.0,190.0,93.2,1,6.4,88.2,1.0,Healthy (80-100%)
2024-06-01,FY24,Harvey Specter,Senior Associate,Camden,169.6,190.0,89.3,2,-2.6,89.8,0.83,Healthy (80-100%)
2024-06-01,FY24,Katrina Bennett,Associate,Camden,168.7,190.0,88.8,3,0.7,86.0,0.67,Healthy (80-100%)
2024-06-01,FY24,Rachel Zane,Associate,Liverpool,165.2,190.0,86.9,4,5.2,82.5,0.5,Healthy (80-100%)
2024-06-01,FY24,Jessica Pearson,Senior Partner,Liverpool,162.4,190.0,85.5,5,-1.7,83.2,0.33,Healthy (80-100%)
2024-06-01,FY24,Clara Sterling,Senior Managing Partner,Richmond,161.0,190.0,84.7,6,3.8,80.9,0.17,Healthy (80-100%)
2024-06-01,FY24,Louis Litt,Senior Partner,Liverpool,156.9,190.0,82.6,7,5.3,79.6,0.0,Healthy (80-100%)
2024-07-01,FY25,Harvey Specter,Senior Associate,Camden,165.2,190.0,87.0,1,-2.3,89.4,1.0,Healthy (80-100%)
2024-07-01,FY25,Mike Ross,Senior Associate,Richmond,162.1,190.0,85.3,2,-7.9,88.4,0.83,Healthy (80-100%)
2024-07-01,FY25,Katrina Bennett,Associate,Camden,159.2,190.0,83.8,3,-5.0,86.9,0.67,Healthy (80-100%)
2024-07-01,FY25,Clara Sterling,Senior Managing Partner,Richmond,152.9,190.0,80.4,4,-4.3,82.1,0.5,Healthy (80-100%)
2024-07-01,FY25,Jessica Pearson,Senior Partner,Liverpool,151.6,190.0,79.8,5,-5.7,84.2,0.33,Below target
2024-07-01,FY25,Rachel Zane,Associate,Liverpool,148.7,190.0,78.3,6,-8.7,82.3,0.17,Below target
2024-07-01,FY25,Louis Litt,Senior Partner,Liverpool,145.9,190.0,76.8,7,-5.8,78.9,0.0,Below target
2024-08-01,FY25,Harvey Specter,Senior Associate,Camden,165.1,190.0,86.9,1,-0.1,87.7,1.0,Healthy (80-100%)
2024-08-01,FY25,Mike Ross,Senior Associate,Richmond,164.8,190.0,86.7,2,1.4,88.4,0.86,Healthy (80-100%)
2024-08-01,FY25,Katrina Bennett,Associate,Camden,163.9,190.0,86.2,3,2.5,86.3,0.71,Healthy (80-100%)
2024-08-01,FY25,Jessica Pearson,Senior Partner,Liverpool,163.4,190.0,86.0,4,6.2,83.8,0.57,Healthy (80-100%)
2024-08-01,FY25,Rachel Zane,Associate,Liverpool,156.5,190.0,82.4,5,4.1,82.5,0.43,Healthy (80-100%)
2024-08-01,FY25,Clara Sterling,Senior Managing Partner,Richmond,154.4,190.0,81.3,6,0.8,82.1,0.29,Healthy (80-100%)
2024-08-01,FY25,Louis Litt,Senior Partner,Liverpool,148.3,190.0,78.0,7,1.3,79.1,0.14,Below target
2024-08-01,FY25,Donna Paulsen,Associate,Richmond,99.7,190.0,52.5,8,,52.5,0.0,Under-utilised
2024-09-01,FY25,Harvey Specter,Senior Associate,Camden,175.7,190.0,92.5,1,5.6,88.8,1.0,Healthy (80-100%)
2024-09-01,FY25,Mike Ross,Senior Associate,Richmond,165.5,190.0,87.1,2,0.4,86.4,0.86,Healthy (80-100%)
2024-09-01,FY25,Jessica Pearson,Senior Partner,Liverpool,165.0,190.0,86.8,3,0.8,84.2,0.71,Healthy (80-100%)
2024-09-01,FY25,Clara Sterling,Senior Managing Partner,Richmond,162.9,190.0,85.8,4,4.5,82.5,0.57,Healthy (80-100%)
2024-09-01,FY25,Rachel Zane,Associate,Liverpool,162.6,190.0,85.6,5,3.2,82.1,0.43,Healthy (80-100%)
2024-09-01,FY25,Katrina Bennett,Associate,Camden,162.6,190.0,85.6,6,-0.7,85.2,0.29,Healthy (80-100%)
2024-09-01,FY25,Louis Litt,Senior Partner,Liverpool,144.8,190.0,76.2,7,-1.8,77.0,0.14,Below target
2024-09-01,FY25,Donna Paulsen,Associate,Richmond,141.8,190.0,74.6,8,22.2,63.5,0.0,Below target
2024-10-01,FY25,Donna Paulsen,Associate,Richmond,183.7,190.0,96.7,1,22.0,74.6,1.0,Healthy (80-100%)
2024-10-01,FY25,Katrina Bennett,Associate,Camden,173.3,190.0,91.2,2,5.6,87.7,0.86,Healthy (80-100%)
2024-10-01,FY25,Harvey Specter,Senior Associate,Camden,170.5,190.0,89.7,3,-2.7,89.7,0.71,Healthy (80-100%)
2024-10-01,FY25,Mike Ross,Senior Associate,Richmond,169.0,190.0,89.0,4,1.9,87.6,0.57,Healthy (80-100%)
2024-10-01,FY25,Jessica Pearson,Senior Partner,Liverpool,168.1,190.0,88.5,5,1.6,87.1,0.43,Healthy (80-100%)
2024-10-01,FY25,Rachel Zane,Associate,Liverpool,167.7,190.0,88.2,6,2.6,85.4,0.29,Healthy (80-100%)
2024-10-01,FY25,Clara Sterling,Senior Managing Partner,Richmond,161.5,190.0,85.0,7,-0.7,84.0,0.14,Healthy (80-100%)
2024-10-01,FY25,Louis Litt,Senior Partner,Liverpool,161.4,190.0,85.0,8,8.7,79.7,0.0,Healthy (80-100%)
2024-11-01,FY25,Donna Paulsen,Associate,Richmond,185.3,190.0,97.5,1,0.9,89.6,1.0,Healthy (80-100%)
2024-11-01,FY25,Harvey Specter,Senior Associate,Camden,182.4,190.0,96.0,2,6.3,92.7,0.86,Healthy (80-100%)
2024-11-01,FY25,Mike Ross,Senior Associate,Richmond,180.7,190.0,95.1,3,6.1,90.4,0.71,Healthy (80-100%)
2024-11-01,FY25,Katrina Bennett,Associate,Camden,168.7,190.0,88.8,4,-2.4,88.5,0.57,Healthy (80-100%)
2024-11-01,FY25,Clara Sterling,Senior Managing Partner,Richmond,159.0,190.0,83.7,5,-1.4,84.8,0.43,Healthy (80-100%)
2024-11-01,FY25,Jessica Pearson,Senior Partner,Liverpool,158.7,190.0,83.5,6,-4.9,86.3,0.29,Healthy (80-100%)
2024-11-01,FY25,Rachel Zane,Associate,Liverpool,158.6,190.0,83.5,7,-4.8,85.8,0.14,Healthy (80-100%)
2024-11-01,FY25,Louis Litt,Senior Partner,Liverpool,153.4,190.0,80.7,8,-4.2,80.6,0.0,Healthy (80-100%)
2024-12-01,FY25,Harvey Specter,Senior Associate,Camden,156.7,190.0,82.5,1,-13.5,89.4,1.0,Healthy (80-100%)
2024-12-01,FY25,Donna Paulsen,Associate,Richmond,152.0,190.0,80.0,2,-17.5,91.4,0.86,Below target
2024-12-01,FY25,Mike Ross,Senior Associate,Richmond,146.2,190.0,76.9,3,-18.2,87.0,0.71,Below target
2024-12-01,FY25,Katrina Bennett,Associate,Camden,143.1,190.0,75.3,4,-13.5,85.1,0.57,Below target
2024-12-01,FY25,Rachel Zane,Associate,Liverpool,141.5,190.0,74.5,5,-9.0,82.1,0.43,Below target
2024-12-01,FY25,Jessica Pearson,Senior Partner,Liverpool,141.0,190.0,74.2,6,-9.3,82.1,0.29,Below target
2024-12-01,FY25,Clara Sterling,Senior Managing Partner,Richmond,136.7,190.0,71.9,7,-11.7,80.2,0.14,Below target
2024-12-01,FY25,Louis Litt,Senior Partner,Liverpool,131.3,190.0,69.1,8,-11.6,78.3,0.0,Below target
2025-01-01,FY25,Harvey Specter,Senior Associate,Camden,149.7,190.0,78.8,1,-3.7,85.7,1.0,Below target
2025-01-01,FY25,Donna Paulsen,Associate,Richmond,148.8,190.0,78.3,2,-1.7,85.3,0.86,Below target
2025-01-01,FY25,Mike Ross,Senior Associate,Richmond,142.2,190.0,74.8,3,-2.1,82.3,0.71,Below target
2025-01-01,FY25,Jessica Pearson,Senior Partner,Liverpool,138.5,190.0,72.9,4,-1.3,76.9,0.57,Below target
2025-01-01,FY25,Katrina Bennett,Associate,Camden,135.0,190.0,71.1,5,-4.3,78.4,0.43,Below target
2025-01-01,FY25,Clara Sterling,Senior Managing Partner,Richmond,134.7,190.0,70.9,6,-1.0,75.5,0.29,Below target
2025-01-01,FY25,Rachel Zane,Associate,Liverpool,133.2,190.0,70.1,7,-4.3,76.0,0.14,Below target
2025-01-01,FY25,Louis Litt,Senior Partner,Liverpool,129.3,190.0,68.1,8,-1.1,72.6,0.0,Below target
2025-02-01,FY25,Harvey Specter,Senior Associate,Camden,174.6,190.0,91.9,1,13.1,84.4,1.0,Healthy (80-100%)
2025-02-01,FY25,Katrina Bennett,Associate,Camden,165.2,190.0,86.9,2,15.9,77.8,0.86,Healthy (80-100%)
2025-02-01,FY25,Mike Ross,Senior Associate,Richmond,162.9,190.0,85.7,3,10.9,79.2,0.71,Healthy (80-100%)
2025-02-01,FY25,Donna Paulsen,Associate,Richmond,158.0,190.0,83.1,4,4.8,80.5,0.57,Healthy (80-100%)
2025-02-01,FY25,Rachel Zane,Associate,Liverpool,156.3,190.0,82.3,5,12.2,75.6,0.43,Healthy (80-100%)
2025-02-01,FY25,Jessica Pearson,Senior Partner,Liverpool,154.8,190.0,81.5,6,8.6,76.2,0.29,Healthy (80-100%)
2025-02-01,FY25,Louis Litt,Senior Partner,Liverpool,149.6,190.0,78.7,7,10.7,72.0,0.14,Below target
2025-02-01,FY25,Clara Sterling,Senior Managing Partner,Richmond,147.8,190.0,77.8,8,6.9,73.5,0.0,Below target
2025-03-01,FY25,Harvey Specter,Senior Associate,Camden,187.6,190.0,98.7,1,6.8,89.8,1.0,Healthy (80-100%)
2025-03-01,FY25,Donna Paulsen,Associate,Richmond,177.2,190.0,93.3,2,10.1,84.9,0.86,Healthy (80-100%)
2025-03-01,FY25,Katrina Bennett,Associate,Camden,174.5,190.0,91.9,3,4.9,83.3,0.71,Healthy (80-100%)
2025-03-01,FY25,Mike Ross,Senior Associate,Richmond,170.4,190.0,89.7,4,4.0,83.4,0.57,Healthy (80-100%)
2025-03-01,FY25,Jessica Pearson,Senior Partner,Liverpool,169.4,190.0,89.2,5,7.7,81.2,0.43,Healthy (80-100%)
2025-03-01,FY25,Clara Sterling,Senior Managing Partner,Richmond,160.5,190.0,84.5,6,6.7,77.7,0.29,Healthy (80-100%)
2025-03-01,FY25,Louis Litt,Senior Partner,Liverpool,157.3,190.0,82.8,7,4.1,76.5,0.14,Healthy (80-100%)
2025-03-01,FY25,Rachel Zane,Associate,Liverpool,155.6,190.0,81.9,8,-0.4,78.1,0.0,Healthy (80-100%)
2025-04-01,FY25,Donna Paulsen,Associate,Richmond,175.0,190.0,92.1,1,-1.2,89.5,1.0,Healthy (80-100%)
2025-04-01,FY25,Harvey Specter,Senior Associate,Camden,172.9,190.0,91.0,2,-7.7,93.9,0.86,Healthy (80-100%)
2025-04-01,FY25,Mike Ross,Senior Associate,Richmond,163.1,190.0,85.8,3,-3.8,87.1,0.71,Healthy (80-100%)
2025-04-01,FY25,Katrina Bennett,Associate,Camden,162.9,190.0,85.7,4,-6.1,88.2,0.57,Healthy (80-100%)
2025-04-01,FY25,Jessica Pearson,Senior Partner,Liverpool,160.3,190.0,84.4,5,-4.8,85.0,0.43,Healthy (80-100%)
2025-04-01,FY25,Clara Sterling,Senior Managing Partner,Richmond,159.0,190.0,83.7,6,-0.8,82.0,0.29,Healthy (80-100%)
2025-04-01,FY25,Rachel Zane,Associate,Liverpool,156.3,190.0,82.3,7,0.4,82.2,0.14,Healthy (80-100%)
2025-04-01,FY25,Louis Litt,Senior Partner,Liverpool,137.0,190.0,72.1,8,-10.7,77.9,0.0,Below target
2025-05-01,FY25,Harvey Specter,Senior Associate,Camden,186.4,190.0,98.1,1,7.1,95.9,1.0,Healthy (80-100%)
2025-05-01,FY25,Donna Paulsen,Associate,Richmond,176.9,190.0,93.1,2,1.0,92.8,0.86,Healthy (80-100%)
2025-05-01,FY25,Mike Ross,Senior Associate,Richmond,173.8,190.0,91.5,3,5.6,89.0,0.71,Healthy (80-100%)
2025-05-01,FY25,Katrina Bennett,Associate,Camden,172.4,190.0,90.8,4,5.0,89.4,0.57,Healthy (80-100%)
2025-05-01,FY25,Jessica Pearson,Senior Partner,Liverpool,166.4,190.0,87.6,5,3.2,87.0,0.43,Healthy (80-100%)
2025-05-01,FY25,Rachel Zane,Associate,Liverpool,165.0,190.0,86.9,6,4.6,83.7,0.29,Healthy (80-100%)
2025-05-01,FY25,Clara Sterling,Senior Managing Partner,Richmond,163.7,190.0,86.2,7,2.5,84.8,0.14,Healthy (80-100%)
2025-05-01,FY25,Louis Litt,Senior Partner,Liverpool,155.4,190.0,81.8,8,9.7,78.9,0.0,Healthy (80-100%)
2025-06-01,FY25,Harvey Specter,Senior Associate,Camden,199.3,190.0,104.9,1,6.8,98.0,1.0,At / over target
2025-06-01,FY25,Donna Paulsen,Associate,Richmond,187.5,190.0,98.7,2,5.6,94.6,0.86,Healthy (80-100%)
2025-06-01,FY25,Katrina Bennett,Associate,Camden,181.2,190.0,95.4,3,4.6,90.6,0.71,Healthy (80-100%)
2025-06-01,FY25,Mike Ross,Senior Associate,Richmond,178.8,190.0,94.1,4,2.6,90.5,0.57,Healthy (80-100%)
2025-06-01,FY25,Jessica Pearson,Senior Partner,Liverpool,171.9,190.0,90.5,5,2.9,87.5,0.43,Healthy (80-100%)
2025-06-01,FY25,Rachel Zane,Associate,Liverpool,169.2,190.0,89.0,6,2.2,86.1,0.29,Healthy (80-100%)
2025-06-01,FY25,Clara Sterling,Senior Managing Partner,Richmond,166.5,190.0,87.6,7,1.5,85.8,0.14,Healthy (80-100%)
2025-06-01,FY25,Louis Litt,Senior Partner,Liverpool,165.3,190.0,87.0,8,5.2,80.3,0.0,Healthy (80-100%)
2025-07-01,FY26,Harvey Specter,Senior Associate,Camden,177.6,190.0,93.5,1,-11.4,98.8,1.0,Healthy (80-100%)
2025-07-01,FY26,Mike Ross,Senior Associate,Richmond,173.8,190.0,91.5,2,-2.6,92.3,0.86,Healthy (80-100%)
2025-07-01,FY26,Donna Paulsen,Associate,Richmond,168.2,190.0,88.5,3,-10.1,93.4,0.71,Healthy (80-100%)
2025-07-01,FY26,Katrina Bennett,Associate,Camden,167.9,190.0,88.4,4,-7.0,91.5,0.57,Healthy (80-100%)
2025-07-01,FY26,Rachel Zane,Associate,Liverpool,165.2,190.0,86.9,5,-2.1,87.6,0.43,Healthy (80-100%)
2025-07-01,FY26,Clara Sterling,Senior Managing Partner,Richmond,164.8,190.0,86.7,6,-0.9,86.8,0.29,Healthy (80-100%)
2025-07-01,FY26,Jessica Pearson,Senior Partner,Liverpool,163.3,190.0,85.9,7,-4.5,88.0,0.14,Healthy (80-100%)
2025-07-01,FY26,Louis Litt,Senior Partner,Liverpool,158.4,190.0,83.4,8,-3.7,84.1,0.0,Healthy (80-100%)
2025-08-01,FY26,Harvey Specter,Senior Associate,Camden,192.7,190.0,101.4,1,8.0,99.9,1.0,At / over target
2025-08-01,FY26,Donna Paulsen,Associate,Richmond,175.9,190.0,92.6,2,4.0,93.3,0.86,Healthy (80-100%)
2025-08-01,FY26,Mike Ross,Senior Associate,Richmond,174.0,190.0,91.6,3,0.1,92.4,0.71,Healthy (80-100%)
2025-08-01,FY26,Clara Sterling,Senior Managing Partner,Richmond,172.7,190.0,90.9,4,4.2,88.4,0.57,Healthy (80-100%)
2025-08-01,FY26,Katrina Bennett,Associate,Camden,170.3,190.0,89.6,5,1.3,91.1,0.43,Healthy (80-100%)
2025-08-01,FY26,Jessica Pearson,Senior Partner,Liverpool,166.0,190.0,87.4,6,1.4,87.9,0.29,Healthy (80-100%)
2025-08-01,FY26,Rachel Zane,Associate,Liverpool,159.8,190.0,84.1,7,-2.8,86.7,0.14,Healthy (80-100%)
2025-08-01,FY26,Louis Litt,Senior Partner,Liverpool,159.7,190.0,84.0,8,0.7,84.8,0.0,Healthy (80-100%)
2025-09-01,FY26,Harvey Specter,Senior Associate,Camden,104.3,107.7,96.9,1,-4.5,97.3,1.0,Healthy (80-100%)
2025-09-01,FY26,Donna Paulsen,Associate,Richmond,102.1,107.7,94.8,2,2.3,92.0,0.86,Healthy (80-100%)
2025-09-01,FY26,Mike Ross,Senior Associate,Richmond,100.8,107.7,93.6,3,2.0,92.2,0.71,Healthy (80-100%)
2025-09-01,FY26,Katrina Bennett,Associate,Camden,97.9,107.7,91.0,4,1.3,89.7,0.57,Healthy (80-100%)
2025-09-01,FY26,Jessica Pearson,Senior Partner,Liverpool,96.3,107.7,89.4,5,2.1,87.6,0.43,Healthy (80-100%)
2025-09-01,FY26,Rachel Zane,Associate,Liverpool,95.7,107.7,88.9,6,4.8,86.7,0.29,Healthy (80-100%)
2025-09-01,FY26,Clara Sterling,Senior Managing Partner,Richmond,95.2,107.7,88.5,7,-2.5,88.7,0.14,Healthy (80-100%)
2025-09-01,FY26,Louis Litt,Senior Partner,Liverpool,89.0,107.7,82.6,8,-1.4,83.3,0.0,Healthy (80-100%)
