practice_area,age_bucket,matters,wip,pct_of_area_wip,pct_of_firm_wip,running_wip_in_area,avg_wip_per_matter,wip_rank
Advisory,1. 0-90 days,11,10237.0,75.5,1.7,10237.0,931.0,12
Advisory,2. 91-180 days,3,2560.0,18.9,0.4,12797.0,853.0,17
Advisory,3. 181-365 days,1,755.0,5.6,0.1,13552.0,755.0,18
Corporate,1. 0-90 days,15,42008.0,16.7,6.8,42008.0,2801.0,7
Corporate,2. 91-180 days,13,58647.0,23.3,9.5,100655.0,4511.0,5
Corporate,3. 181-365 days,11,122244.0,48.6,19.8,222899.0,11113.0,1
Corporate,4. Over 1 year,2,28382.0,11.3,4.6,251281.0,14191.0,10
Employment,1. 0-90 days,5,2925.0,19.0,0.5,2925.0,585.0,16
Employment,2. 91-180 days,3,3813.0,24.7,0.6,6738.0,1271.0,15
Employment,3. 181-365 days,4,8697.0,56.3,1.4,15435.0,2174.0,13
IP Portfolio,1. 0-90 days,11,20881.0,18.1,3.4,20881.0,1898.0,11
IP Portfolio,2. 91-180 days,12,47497.0,41.2,7.7,68378.0,3958.0,6
IP Portfolio,3. 181-365 days,10,41098.0,35.6,6.6,109476.0,4110.0,8
IP Portfolio,4. Over 1 year,3,5842.0,5.1,0.9,115318.0,1947.0,14
Litigation,1. 0-90 days,8,29385.0,13.2,4.8,29385.0,3673.0,9
Litigation,2. 91-180 days,11,64249.0,28.9,10.4,93634.0,5841.0,3
Litigation,3. 181-365 days,11,66810.0,30.0,10.8,160444.0,6074.0,2
Litigation,4. Over 1 year,8,62224.0,27.9,10.1,222668.0,7778.0,4
