month_start,fy_label,standard_value,fees_billed,realisation_pct,budget_realisation_pct,vs_budget_pct_pts,writeoff_pct_of_value,mom_change_pct_pts,rolling_3m_realisation_pct,fy_ytd_realisation_pct
2023-07-01,FY24,453806.0,403991.0,89.0,88.9,0.1,8.4,,89.0,89.0
2023-08-01,FY24,460996.0,422870.0,91.7,89.5,2.3,6.6,2.7,90.4,90.4
2023-09-01,FY24,470144.0,421041.0,89.6,90.3,-0.7,8.9,-2.2,90.1,90.1
2023-10-01,FY24,476188.0,406003.0,85.3,89.5,-4.2,8.5,-4.3,88.8,88.9
2023-11-01,FY24,493640.0,439993.0,89.1,90.3,-1.2,7.9,3.9,88.0,88.9
2023-12-01,FY24,414268.0,488182.0,117.8,107.5,10.3,9.0,28.7,96.4,93.2
2024-01-01,FY24,397563.0,366652.0,92.2,94.1,-1.9,8.5,-25.6,99.2,93.1
2024-02-01,FY24,485835.0,384966.0,79.2,76.1,3.1,7.1,-13.0,95.5,91.3
2024-03-01,FY24,548992.0,411966.0,75.0,83.1,-8.1,8.4,-4.2,81.2,89.2
2024-04-01,FY24,524870.0,543103.0,103.5,94.9,8.6,8.7,28.4,85.9,90.7
2024-05-01,FY24,552240.0,463219.0,83.9,87.0,-3.1,10.6,-19.6,87.2,90.0
2024-06-01,FY24,566930.0,478942.0,84.5,87.9,-3.5,9.7,0.6,90.3,89.5
2024-07-01,FY25,552220.0,511181.0,92.6,93.6,-1.1,10.4,8.1,87.0,92.6
2024-08-01,FY25,602807.0,541165.0,89.8,84.6,5.2,8.2,-2.8,88.9,91.1
2024-09-01,FY25,629296.0,511988.0,81.4,88.3,-7.0,8.9,-8.4,87.7,87.7
2024-10-01,FY25,658964.0,587720.0,89.2,88.3,0.8,7.9,7.8,86.8,88.1
2024-11-01,FY25,653750.0,621372.0,95.0,90.3,4.7,9.2,5.9,88.6,89.6
2024-12-01,FY25,558998.0,611436.0,109.4,107.5,1.9,7.7,14.3,97.3,92.6
2025-01-01,FY25,542396.0,478970.0,88.3,94.1,-5.8,7.7,-21.1,97.5,92.0
2025-02-01,FY25,618013.0,498974.0,80.7,81.4,-0.7,8.4,-7.6,92.4,90.6
2025-03-01,FY25,660035.0,580470.0,87.9,85.4,2.5,7.0,7.2,85.6,90.3
2025-04-01,FY25,626240.0,590195.0,94.2,96.4,-2.2,9.6,6.3,87.7,90.7
2025-05-01,FY25,662614.0,576102.0,86.9,87.0,-0.1,7.6,-7.3,89.6,90.3
2025-06-01,FY25,690761.0,638656.0,92.5,88.0,4.5,9.7,5.5,91.2,90.5
2025-07-01,FY26,679865.0,573523.0,84.4,93.6,-9.3,7.9,-8.1,88.0,84.4
2025-08-01,FY26,697288.0,641205.0,92.0,89.5,2.5,8.9,7.6,89.6,88.2
2025-09-01,FY26,396047.0,356350.0,90.0,90.3,-0.4,7.5,-2.0,88.6,88.6
