fy_label,practice_area,hours,fees,allocated_salary,contribution,contribution_margin_pct,effective_rate_per_hour,realisation_pct,pct_of_fy_fees,margin_rank_in_fy,margin_change_vs_prior_fy_pts,margin_band
FY24,Litigation,3500.0,1513915.0,665039.0,848877.0,56.1,433.0,89.7,28.9,1,,Strong
FY24,Advisory,1051.0,453957.0,206398.0,247558.0,54.5,432.0,89.1,8.7,2,,Strong
FY24,Corporate,4027.0,1816013.0,831598.0,984415.0,54.2,451.0,89.6,34.7,3,,Strong
FY24,IP Portfolio,2628.0,1244972.0,583915.0,661056.0,53.1,474.0,89.4,23.8,4,,Strong
FY24,Employment,479.0,202072.0,95062.0,107010.0,53.0,422.0,88.4,3.9,5,,Strong
FY25,Litigation,4211.0,1849583.0,761530.0,1088053.0,58.8,439.0,90.9,27.4,1,2.8,Strong
FY25,Advisory,1935.0,762920.0,323923.0,438997.0,57.5,394.0,89.4,11.3,2,3.0,Strong
FY25,Corporate,5024.0,2271906.0,969417.0,1302489.0,57.3,452.0,90.7,33.7,3,3.1,Strong
FY25,Employment,612.0,262186.0,113624.0,148562.0,56.7,428.0,89.9,3.9,4,3.7,Strong
FY25,IP Portfolio,3450.0,1601636.0,696241.0,905395.0,56.5,464.0,90.4,23.7,5,3.4,Strong
FY26,Litigation,956.0,427380.0,168562.0,258817.0,60.6,447.0,89.0,27.2,1,1.7,Strong
FY26,Advisory,447.0,178450.0,72611.0,105839.0,59.3,399.0,87.4,11.4,2,1.8,Strong
FY26,Corporate,1154.0,528413.0,217059.0,311355.0,58.9,458.0,88.8,33.6,3,1.6,Strong
FY26,IP Portfolio,797.0,376878.0,155661.0,221217.0,58.7,473.0,88.5,24.0,4,2.2,Strong
FY26,Employment,138.0,59957.0,24950.0,35007.0,58.4,435.0,88.0,3.8,5,1.7,Strong
