month_start,fy_label,actual_revenue,budget_revenue,actual_profit,budget_profit,revenue_var_pct,profit_var_pct,actual_margin_pct,revenue_mom_pct,actual_profit_fy_ytd,budget_profit_fy_ytd,profit_ytd_variance,profit_flag
2023-07-01,FY24,422296.0,423972.0,72466.0,70093.0,-0.4,3.4,17.2,,72466.0,70093.0,2374.0,Favourable
2023-08-01,FY24,443525.0,436725.0,86793.0,82131.0,1.6,5.7,19.6,5.0,159259.0,152224.0,7035.0,Favourable
2023-09-01,FY24,441410.0,446825.0,83817.0,91790.0,-1.2,-8.7,19.0,-0.5,243076.0,244013.0,-937.0,Within 10%
2023-10-01,FY24,425805.0,453517.0,70527.0,97876.0,-6.1,-27.9,16.6,-3.5,313603.0,341889.0,-28286.0,Adverse
2023-11-01,FY24,462599.0,463741.0,102785.0,107654.0,-0.2,-4.5,22.2,8.6,416388.0,449543.0,-33155.0,Within 10%
2023-12-01,FY24,506164.0,461770.0,145775.0,109531.0,9.6,33.1,28.8,9.4,562163.0,559074.0,3089.0,Favourable
2024-01-01,FY24,382032.0,394507.0,23186.0,39117.0,-3.2,-40.7,6.1,-24.5,585349.0,598191.0,-12842.0,Adverse
2024-02-01,FY24,403182.0,391063.0,24218.0,10159.0,3.1,138.4,6.0,5.5,609567.0,608350.0,1217.0,Favourable
2024-03-01,FY24,431338.0,470245.0,43624.0,86265.0,-8.3,-49.4,10.1,7.0,653191.0,694615.0,-41424.0,Adverse
2024-04-01,FY24,562901.0,513099.0,176057.0,129664.0,9.7,35.8,31.3,30.5,829248.0,824279.0,4968.0,Favourable
2024-05-01,FY24,483528.0,498197.0,93379.0,113868.0,-2.9,-18.0,19.3,-14.1,922627.0,938148.0,-15521.0,Adverse
2024-06-01,FY24,501371.0,525078.0,115076.0,139312.0,-4.5,-17.4,23.0,3.7,1037703.0,1077459.0,-39756.0,Adverse
2024-07-01,FY25,531714.0,543546.0,134266.0,146345.0,-2.2,-8.3,25.3,6.1,134266.0,146345.0,-12079.0,Within 10%
2024-08-01,FY25,560630.0,534796.0,131666.0,110932.0,4.8,18.7,23.5,5.4,265932.0,257277.0,8655.0,Favourable
2024-09-01,FY25,532404.0,578193.0,107997.0,153267.0,-7.9,-29.5,20.3,-5.0,373929.0,410543.0,-36614.0,Adverse
2024-10-01,FY25,608915.0,600006.0,180565.0,174182.0,1.5,3.7,29.7,14.4,554494.0,584725.0,-30232.0,Favourable
2024-11-01,FY25,641978.0,621340.0,212233.0,194859.0,3.3,8.9,33.1,5.4,766727.0,779584.0,-12857.0,Favourable
2024-12-01,FY25,628612.0,619667.0,209481.0,197153.0,1.4,6.3,33.3,-2.1,976208.0,976738.0,-530.0,Favourable
2025-01-01,FY25,496033.0,528632.0,78210.0,108467.0,-6.2,-27.9,15.8,-21.1,1054418.0,1085205.0,-30787.0,Adverse
2025-02-01,FY25,518916.0,520601.0,96542.0,97982.0,-0.3,-1.5,18.6,4.6,1150960.0,1183187.0,-32228.0,Within 10%
2025-03-01,FY25,601780.0,586413.0,169280.0,155697.0,2.6,8.7,28.1,16.0,1320239.0,1338884.0,-18644.0,Favourable
2025-04-01,FY25,608981.0,623529.0,179428.0,193506.0,-2.3,-7.3,29.5,1.2,1499668.0,1532390.0,-32722.0,Within 10%
2025-05-01,FY25,596601.0,595848.0,168634.0,165130.0,0.1,2.1,28.3,-2.0,1668301.0,1697521.0,-29219.0,Favourable
2025-06-01,FY25,659309.0,627930.0,228470.0,195650.0,5.0,16.8,34.7,10.5,1896771.0,1893171.0,3600.0,Favourable
2025-07-01,FY26,594441.0,650220.0,150952.0,204956.0,-8.6,-26.3,25.4,-9.8,150952.0,204956.0,-54004.0,Adverse
2025-08-01,FY26,661839.0,637244.0,203635.0,191709.0,3.9,6.2,30.8,11.3,354587.0,396665.0,-42078.0,Favourable
2025-09-01,FY26,369040.0,369373.0,116577.0,116597.0,-0.1,-0.0,31.6,-44.2,471164.0,513262.0,-42098.0,Within 10%
