month_start,client_name,closing_balance,mom_change,mom_change_pct,avg_3m,min_12m,max_12m,pct_of_trust,balance_rank,total_trust,trend_flag
2024-10-01,Acme Corp,91018.0,-28107.0,-23.6,109278.0,91018.0,133702.0,19.2,1,474129.0,Well below 12m peak
2024-10-01,Meridian Holdings Ltd.,85601.0,-8933.0,-9.4,96560.0,85601.0,119997.0,18.1,2,474129.0,Stable
2024-10-01,Okafor Mining Co.,83901.0,-1725.0,-2.0,83570.0,64815.0,85636.0,17.7,3,474129.0,Stable
2024-10-01,Halcyon Systems,70228.0,6795.0,10.7,63462.0,56724.0,96512.0,14.8,4,474129.0,Stable
2024-10-01,Delacroix & Sons,60278.0,4478.0,8.0,56927.0,41649.0,60278.0,12.7,5,474129.0,Stable
2024-10-01,Vertex Industries,49968.0,-1944.0,-3.7,49767.0,42874.0,52272.0,10.5,6,474129.0,Stable
2024-10-01,Global Trust Bank,33133.0,-138.0,-0.4,34826.0,33133.0,41807.0,7.0,7,474129.0,Stable
2024-11-01,Acme Corp,102821.0,11803.0,13.0,104322.0,91018.0,133702.0,21.3,1,483054.0,Stable
2024-11-01,Meridian Holdings Ltd.,85759.0,158.0,0.2,88632.0,85601.0,119997.0,17.8,2,483054.0,Stable
2024-11-01,Okafor Mining Co.,79437.0,-4465.0,-5.3,82988.0,64815.0,85636.0,16.4,3,483054.0,Stable
2024-11-01,Vertex Industries,64569.0,14600.0,29.2,55483.0,42874.0,64569.0,13.4,4,483054.0,Stable
2024-11-01,Halcyon Systems,63921.0,-6307.0,-9.0,65861.0,56724.0,96512.0,13.2,5,483054.0,Well below 12m peak
2024-11-01,Delacroix & Sons,57720.0,-2558.0,-4.2,57933.0,41649.0,60278.0,11.9,6,483054.0,Stable
2024-11-01,Global Trust Bank,28826.0,-4307.0,-13.0,31744.0,28826.0,41807.0,6.0,7,483054.0,Well below 12m peak
2024-12-01,Meridian Holdings Ltd.,103185.0,17425.0,20.3,91515.0,85601.0,111263.0,20.6,1,499841.0,Stable
2024-12-01,Acme Corp,98594.0,-4227.0,-4.1,97478.0,91018.0,133702.0,19.7,2,499841.0,Stable
2024-12-01,Okafor Mining Co.,80771.0,1334.0,1.7,81370.0,64815.0,85636.0,16.2,3,499841.0,Stable
2024-12-01,Halcyon Systems,73518.0,9597.0,15.0,69222.0,56724.0,96512.0,14.7,4,499841.0,Stable
2024-12-01,Vertex Industries,60286.0,-4282.0,-6.6,58274.0,42874.0,64569.0,12.1,5,499841.0,Stable
2024-12-01,Delacroix & Sons,55462.0,-2259.0,-3.9,57820.0,41649.0,60278.0,11.1,6,499841.0,Stable
2024-12-01,Global Trust Bank,28025.0,-801.0,-2.8,29995.0,28025.0,41807.0,5.6,7,499841.0,Well below 12m peak
2025-01-01,Meridian Holdings Ltd.,109714.0,6529.0,6.3,99553.0,85601.0,111263.0,22.5,1,487021.0,Stable
2025-01-01,Acme Corp,85374.0,-13221.0,-13.4,95596.0,85374.0,133702.0,17.5,2,487021.0,Well below 12m peak
2025-01-01,Halcyon Systems,73794.0,276.0,0.4,70411.0,56724.0,96512.0,15.2,3,487021.0,Stable
2025-01-01,Vertex Industries,67517.0,7231.0,12.0,64124.0,42874.0,67517.0,13.9,4,487021.0,Stable
2025-01-01,Okafor Mining Co.,67455.0,-13316.0,-16.5,75888.0,64815.0,85626.0,13.9,5,487021.0,Stable
2025-01-01,Delacroix & Sons,53656.0,-1806.0,-3.3,55612.0,44464.0,60278.0,11.0,6,487021.0,Stable
2025-01-01,Global Trust Bank,29512.0,1487.0,5.3,28788.0,28025.0,41807.0,6.1,7,487021.0,Stable
2025-02-01,Meridian Holdings Ltd.,106888.0,-2826.0,-2.6,106595.0,85601.0,111100.0,21.6,1,495551.0,Stable
2025-02-01,Acme Corp,95157.0,9783.0,11.5,93041.0,85374.0,133702.0,19.2,2,495551.0,Stable
2025-02-01,Vertex Industries,71304.0,3787.0,5.6,66369.0,42874.0,71304.0,14.4,3,495551.0,Stable
2025-02-01,Halcyon Systems,69513.0,-4281.0,-5.8,72275.0,56724.0,96512.0,14.0,4,495551.0,Stable
2025-02-01,Okafor Mining Co.,66879.0,-576.0,-0.9,71702.0,64815.0,85626.0,13.5,5,495551.0,Stable
2025-02-01,Delacroix & Sons,59507.0,5851.0,10.9,56208.0,44464.0,60278.0,12.0,6,495551.0,Stable
2025-02-01,Global Trust Bank,26303.0,-3209.0,-10.9,27947.0,26303.0,41807.0,5.3,7,495551.0,Well below 12m peak
2025-03-01,Meridian Holdings Ltd.,120775.0,13887.0,13.0,112459.0,85601.0,120775.0,24.1,1,500769.0,Stable
2025-03-01,Acme Corp,104486.0,9329.0,9.8,95005.0,85374.0,133702.0,20.9,2,500769.0,Stable
2025-03-01,Okafor Mining Co.,78411.0,11532.0,17.2,70915.0,64815.0,85626.0,15.7,3,500769.0,Stable
2025-03-01,Vertex Industries,66168.0,-5136.0,-7.2,68330.0,42874.0,71304.0,13.2,4,500769.0,Stable
2025-03-01,Halcyon Systems,58779.0,-10734.0,-15.4,67362.0,56724.0,77060.0,11.7,5,500769.0,Stable
2025-03-01,Delacroix & Sons,47850.0,-11657.0,-19.6,53671.0,47850.0,60278.0,9.6,6,500769.0,Stable
2025-03-01,Global Trust Bank,24300.0,-2003.0,-7.6,26705.0,24300.0,41807.0,4.9,7,500769.0,Well below 12m peak
2025-04-01,Meridian Holdings Ltd.,111830.0,-8945.0,-7.4,113165.0,85601.0,120775.0,23.2,1,482680.0,Stable
2025-04-01,Acme Corp,102041.0,-2444.0,-2.3,100561.0,85374.0,133702.0,21.1,2,482680.0,Stable
2025-04-01,Okafor Mining Co.,70974.0,-7437.0,-9.5,72088.0,64815.0,85626.0,14.7,3,482680.0,Stable
2025-04-01,Halcyon Systems,63971.0,5192.0,8.8,64087.0,56724.0,73794.0,13.3,4,482680.0,Stable
2025-04-01,Vertex Industries,59751.0,-6417.0,-9.7,65741.0,42874.0,71304.0,12.4,5,482680.0,Stable
2025-04-01,Delacroix & Sons,48626.0,776.0,1.6,51994.0,47850.0,60278.0,10.1,6,482680.0,Stable
2025-04-01,Global Trust Bank,25486.0,1186.0,4.9,25363.0,24300.0,40038.0,5.3,7,482680.0,Well below 12m peak
2025-05-01,Acme Corp,106237.0,4196.0,4.1,104255.0,85374.0,133702.0,23.5,1,451487.0,Stable
2025-05-01,Meridian Holdings Ltd.,98055.0,-13775.0,-12.3,110220.0,85601.0,120775.0,21.7,2,451487.0,Stable
2025-05-01,Vertex Industries,61200.0,1449.0,2.4,62373.0,42874.0,71304.0,13.6,3,451487.0,Stable
2025-05-01,Okafor Mining Co.,55336.0,-15639.0,-22.0,68240.0,55336.0,85626.0,12.3,4,451487.0,Well below 12m peak
2025-05-01,Halcyon Systems,53229.0,-10742.0,-16.8,58660.0,53229.0,73794.0,11.8,5,451487.0,Stable
2025-05-01,Delacroix & Sons,52185.0,3559.0,7.3,49554.0,47850.0,60278.0,11.6,6,451487.0,Stable
2025-05-01,Global Trust Bank,25245.0,-242.0,-0.9,25010.0,24300.0,40038.0,5.6,7,451487.0,Well below 12m peak
2025-06-01,Meridian Holdings Ltd.,110605.0,12550.0,12.8,106830.0,85601.0,120775.0,22.8,1,484315.0,Stable
2025-06-01,Acme Corp,107331.0,1094.0,1.0,105203.0,85374.0,123210.0,22.2,2,484315.0,Stable
2025-06-01,Halcyon Systems,65887.0,12658.0,23.8,61029.0,53229.0,73794.0,13.6,3,484315.0,Stable
2025-06-01,Okafor Mining Co.,60768.0,5433.0,9.8,62359.0,55336.0,85626.0,12.5,4,484315.0,Stable
2025-06-01,Delacroix & Sons,59047.0,6862.0,13.1,53286.0,47850.0,60278.0,12.2,5,484315.0,Stable
2025-06-01,Vertex Industries,57027.0,-4173.0,-6.8,59326.0,47420.0,71304.0,11.8,6,484315.0,Stable
2025-06-01,Global Trust Bank,23650.0,-1595.0,-6.3,24794.0,23650.0,38074.0,4.9,7,484315.0,Well below 12m peak
2025-07-01,Meridian Holdings Ltd.,111702.0,1097.0,1.0,106787.0,85601.0,120775.0,22.4,1,499228.0,Stable
2025-07-01,Acme Corp,104671.0,-2660.0,-2.5,106080.0,85374.0,119125.0,21.0,2,499228.0,Stable
2025-07-01,Okafor Mining Co.,81245.0,20476.0,33.7,65783.0,55336.0,85626.0,16.3,3,499228.0,Rising
2025-07-01,Halcyon Systems,71252.0,5365.0,8.1,63456.0,53229.0,73794.0,14.3,4,499228.0,Stable
2025-07-01,Vertex Industries,52464.0,-4564.0,-8.0,56897.0,47420.0,71304.0,10.5,5,499228.0,Stable
2025-07-01,Delacroix & Sons,51245.0,-7803.0,-13.2,54159.0,47850.0,60278.0,10.3,6,499228.0,Stable
2025-07-01,Global Trust Bank,26651.0,3001.0,12.7,25182.0,23650.0,38074.0,5.3,7,499228.0,Well below 12m peak
2025-08-01,Meridian Holdings Ltd.,105845.0,-5857.0,-5.2,109384.0,85601.0,120775.0,20.9,1,505289.0,Stable
2025-08-01,Acme Corp,97770.0,-6901.0,-6.6,103257.0,85374.0,119125.0,19.3,2,505289.0,Stable
2025-08-01,Okafor Mining Co.,96858.0,15614.0,19.2,79624.0,55336.0,96858.0,19.2,3,505289.0,Rising
2025-08-01,Halcyon Systems,79087.0,7835.0,11.0,72075.0,53229.0,79087.0,15.7,4,505289.0,Stable
2025-08-01,Delacroix & Sons,50745.0,-499.0,-1.0,53679.0,47850.0,60278.0,10.0,5,505289.0,Stable
2025-08-01,Vertex Industries,46335.0,-6129.0,-11.7,51942.0,46335.0,71304.0,9.2,6,505289.0,Well below 12m peak
2025-08-01,Global Trust Bank,28649.0,1998.0,7.5,26316.0,23650.0,33272.0,5.7,7,505289.0,Stable
2025-09-01,Acme Corp,120000.0,22230.0,22.7,107480.0,85374.0,120000.0,22.4,1,535000.0,Stable
2025-09-01,Meridian Holdings Ltd.,110000.0,4155.0,3.9,109182.0,85601.0,120775.0,20.6,2,535000.0,Stable
2025-09-01,Okafor Mining Co.,85000.0,-11858.0,-12.2,87701.0,55336.0,96858.0,15.9,3,535000.0,Stable
2025-09-01,Halcyon Systems,75000.0,-4087.0,-5.2,75113.0,53229.0,79087.0,14.0,4,535000.0,Stable
2025-09-01,Vertex Industries,60000.0,13665.0,29.5,52933.0,46335.0,71304.0,11.2,5,535000.0,Stable
2025-09-01,Delacroix & Sons,55000.0,4255.0,8.4,52330.0,47850.0,60278.0,10.3,6,535000.0,Stable
2025-09-01,Global Trust Bank,30000.0,1351.0,4.7,28433.0,23650.0,33133.0,5.6,7,535000.0,Stable
